"","time","tot_sov"
"1",1800,22.9979291867182
"2",1800.08333333333,22.9977363383197
"3",1800.16666666667,22.997907514614
"4",1800.25,22.9983926944994
"5",1800.33333333333,22.9991418568746
"6",1800.41666666667,23.000104980638
"7",1800.5,23.0012320446883
"8",1800.58333333333,23.0024730279239
"9",1800.66666666667,23.0037779092435
"10",1800.75,23.0050966675455
"11",1800.83333333333,23.0063792817284
"12",1800.91666666667,23.007575730691
"13",1801,23.0086359933316
"14",1801.08333333333,23.0095100485488
"15",1801.16666666667,23.0101478752411
"16",1801.25,23.0104994523072
"17",1801.33333333333,23.0105147586455
"18",1801.41666666667,23.0101437731546
"19",1801.5,23.0093364747331
"20",1801.58333333333,23.0080428422794
"21",1801.66666666667,23.0062128546921
"22",1801.75,23.0037964908697
"23",1801.83333333333,23.0007437297109
"24",1801.91666666667,22.9970045501141
"25",1802,22.9925289309779
"26",1802.08333333333,22.9873003183121
"27",1802.16666666667,22.9814360265721
"28",1802.25,22.9750868373245
"29",1802.33333333333,22.9684035321359
"30",1802.41666666667,22.9615368925729
"31",1802.5,22.9546377002022
"32",1802.58333333333,22.9478567365905
"33",1802.66666666667,22.9413447833043
"34",1802.75,22.9352526219102
"35",1802.83333333333,22.929731033975
"36",1802.91666666667,22.9249308010652
"37",1803,22.9210027047475
"38",1803.08333333333,22.9180975265884
"39",1803.16666666667,22.9163660481547
"40",1803.25,22.915959051013
"41",1803.33333333333,22.9170273167299
"42",1803.41666666667,22.919721626872
"43",1803.5,22.924192763006
"44",1803.58333333333,22.9305915066984
"45",1803.66666666667,22.939068639516
"46",1803.75,22.9497749430254
"47",1803.83333333333,22.9628611987931
"48",1803.91666666667,22.9784781883859
"49",1804,22.9967766933703
"50",1804.08333333333,23.017843428599
"51",1804.16666666667,23.0415088420692
"52",1804.25,23.0675393150639
"53",1804.33333333333,23.0957012288662
"54",1804.41666666667,23.1257609647593
"55",1804.5,23.1574849040262
"56",1804.58333333333,23.19063942795
"57",1804.66666666667,23.2249909178141
"58",1804.75,23.2603057549012
"59",1804.83333333333,23.2963503204947
"60",1804.91666666667,23.3328909958776
"61",1805,23.3696941623331
"62",1805.08333333333,23.4065262011442
"63",1805.16666666667,23.4431534935941
"64",1805.25,23.4793424209659
"65",1805.33333333333,23.5148593645427
"66",1805.41666666667,23.5494707056076
"67",1805.5,23.5829428254438
"68",1805.58333333333,23.6150421053342
"69",1805.66666666667,23.6455349265622
"70",1805.75,23.6741876704107
"71",1805.83333333333,23.7007667181629
"72",1805.91666666667,23.725038451102
"73",1806,23.7467692505109
"74",1806.08333333333,23.7657981965245
"75",1806.16666666667,23.7822551646835
"76",1806.25,23.7963427293805
"77",1806.33333333333,23.808263465008
"78",1806.41666666667,23.8182199459583
"79",1806.5,23.826414746624
"80",1806.58333333333,23.8330504413975
"81",1806.66666666667,23.8383296046713
"82",1806.75,23.8424548108378
"83",1806.83333333333,23.8456286342895
"84",1806.91666666667,23.8480536494189
"85",1807,23.8499324306185
"86",1807.08333333333,23.8514675522806
"87",1807.16666666667,23.8528615887979
"88",1807.25,23.8543171145626
"89",1807.33333333333,23.8560367039673
"90",1807.41666666667,23.8582229314045
"91",1807.5,23.8610783712666
"92",1807.58333333333,23.8648055979461
"93",1807.66666666667,23.8696071858355
"94",1807.75,23.8756857093271
"95",1807.83333333333,23.8832437428136
"96",1807.91666666667,23.8924838606873
"97",1808,23.9036086373406
"98",1808.08333333333,23.916762687923
"99",1808.16666666667,23.9318587906111
"100",1808.25,23.9487517643385
"101",1808.33333333333,23.9672964280387
"102",1808.41666666667,23.9873476006452
"103",1808.5,24.0087601010917
"104",1808.58333333333,24.0313887483115
"105",1808.66666666667,24.0550883612385
"106",1808.75,24.0797137588059
"107",1808.83333333333,24.1051197599475
"108",1808.91666666667,24.1311611835967
"109",1809,24.1576928486871
"110",1809.08333333333,24.1845695741523
"111",1809.16666666667,24.2116461789258
"112",1809.25,24.238777481941
"113",1809.33333333333,24.2658183021317
"114",1809.41666666667,24.2926234584314
"115",1809.5,24.3190477697734
"116",1809.58333333333,24.3449460550916
"117",1809.66666666667,24.3701731333193
"118",1809.75,24.3945838233902
"119",1809.83333333333,24.4180329442377
"120",1809.91666666667,24.4403753147955
"121",1810,24.461465753997
"122",1810.08333333333,24.4811590807759
"123",1810.16666666667,24.4993101140657
"124",1810.25,24.5157736727998
"125",1810.33333333333,24.5304045759119
"126",1810.41666666667,24.5430576423356
"127",1810.5,24.5535876910043
"128",1810.58333333333,24.5618495408517
"129",1810.66666666667,24.5676980108112
"130",1810.75,24.5709879198164
"131",1810.83333333333,24.5715740868008
"132",1810.91666666667,24.5693113306981
"133",1811,24.5640544704417
"134",1811.08333333333,24.5557945199246
"135",1811.16666666667,24.5450672728768
"136",1811.25,24.5325447179878
"137",1811.33333333333,24.5188988439471
"138",1811.41666666667,24.5048016394441
"139",1811.5,24.4909250931683
"140",1811.58333333333,24.4779411938091
"141",1811.66666666667,24.466521930056
"142",1811.75,24.4573392905984
"143",1811.83333333333,24.4510652641258
"144",1811.91666666667,24.4483718393276
"145",1812,24.4499310048934
"146",1812.08333333333,24.4564147495125
"147",1812.16666666667,24.4684950618744
"148",1812.25,24.4868439306685
"149",1812.33333333333,24.5121333445843
"150",1812.41666666667,24.5450352923114
"151",1812.5,24.586221762539
"152",1812.58333333333,24.6363647439567
"153",1812.66666666667,24.696136225254
"154",1812.75,24.7662081951202
"155",1812.83333333333,24.8472526422448
"156",1812.91666666667,24.9399415553175
"157",1813,25.0449469230273
"158",1813.08333333333,25.1626887377771
"159",1813.16666666667,25.2925790068232
"160",1813.25,25.4337777411342
"161",1813.33333333333,25.5854449516793
"162",1813.41666666667,25.7467406494284
"163",1813.5,25.9168248453495
"164",1813.58333333333,26.0948575504125
"165",1813.66666666667,26.2799987755869
"166",1813.75,26.4714085318408
"167",1813.83333333333,26.668246830144
"168",1813.91666666667,26.8696736814662
"169",1814,27.0748490967753
"170",1814.08333333333,27.2829330870412
"171",1814.16666666667,27.4930856632336
"172",1814.25,27.7044668363205
"173",1814.33333333333,27.9162366172715
"174",1814.41666666667,28.1275550170566
"175",1814.5,28.3375820466436
"176",1814.58333333333,28.5454777170023
"177",1814.66666666667,28.7504020391024
"178",1814.75,28.951515023912
"179",1814.83333333333,29.1479766824008
"180",1814.91666666667,29.3389470255385
"181",1815,29.5235860642931
"182",1815.08333333333,29.7012372682089
"183",1815.16666666667,29.8719779411277
"184",1815.25,30.0360688454643
"185",1815.33333333333,30.1937707436351
"186",1815.41666666667,30.3453443980563
"187",1815.5,30.4910505711429
"188",1815.58333333333,30.6311500253111
"189",1815.66666666667,30.7659035229772
"190",1815.75,30.8955718265561
"191",1815.83333333333,31.0204156984642
"192",1815.91666666667,31.1406959011175
"193",1816,31.2566731969313
"194",1816.08333333333,31.3686083483217
"195",1816.16666666667,31.4767621177048
"196",1816.25,31.5813952674958
"197",1816.33333333333,31.6827685601109
"198",1816.41666666667,31.7811427579661
"199",1816.5,31.8767786234768
"200",1816.58333333333,31.969936919059
"201",1816.66666666667,32.0608784071289
"202",1816.75,32.1498638501017
"203",1816.83333333333,32.2371540103935
"204",1816.91666666667,32.3230096504204
"205",1817,32.4076915325978
"206",1817.08333333333,32.4914323111756
"207",1817.16666666667,32.5743522077401
"208",1817.25,32.6565433357108
"209",1817.33333333333,32.7380978085077
"210",1817.41666666667,32.8191077395511
"211",1817.5,32.8996652422604
"212",1817.58333333333,32.9798624300557
"213",1817.66666666667,33.0597914163573
"214",1817.75,33.1395443145847
"215",1817.83333333333,33.2192132381579
"216",1817.91666666667,33.2988903004971
"217",1818,33.3786676150218
"218",1818.08333333333,33.4586372951522
"219",1818.16666666667,33.5388914543084
"220",1818.25,33.61952220591
"221",1818.33333333333,33.7006216633769
"222",1818.41666666667,33.7822819401295
"223",1818.5,33.8645951495872
"224",1818.58333333333,33.9476534051702
"225",1818.66666666667,34.0315488202985
"226",1818.75,34.1163735083917
"227",1818.83333333333,34.20221958287
"228",1818.91666666667,34.2891791571535
"229",1819,34.3773443446616
"230",1819.08333333333,34.4667797971266
"231",1819.16666666667,34.557440319529
"232",1819.25,34.6492532551607
"233",1819.33333333333,34.742145947314
"234",1819.41666666667,34.8360457392817
"235",1819.5,34.9308799743555
"236",1819.58333333333,35.026575995828
"237",1819.66666666667,35.1230611469917
"238",1819.75,35.2202627711385
"239",1819.83333333333,35.3181082115608
"240",1819.91666666667,35.4165248115514
"241",1820,35.5154399144018
"242",1820.08333333333,35.6147808634048
"243",1820.16666666667,35.7144750018529
"244",1820.25,35.8144496730378
"245",1820.33333333333,35.9146322202522
"246",1820.41666666667,36.0149499867886
"247",1820.5,36.1153303159388
"248",1820.58333333333,36.2157005509954
"249",1820.66666666667,36.3159880352509
"250",1820.75,36.4161201119971
"251",1820.83333333333,36.5160241245266
"252",1820.91666666667,36.6156274161319
"253",1821,36.7148573301049
"254",1821.08333333333,36.8136412097381
"255",1821.16666666667,36.911906398324
"256",1821.25,37.0095802391546
"257",1821.33333333333,37.1065900755222
"258",1821.41666666667,37.2028632507195
"259",1821.5,37.2983271080384
"260",1821.58333333333,37.3929089907712
"261",1821.66666666667,37.4865362422107
"262",1821.75,37.5791362056486
"263",1821.83333333333,37.6706362243775
"264",1821.91666666667,37.7609636416899
"265",1822,37.8500458008776
"266",1822.08333333333,37.9378494951563
"267",1822.16666666667,38.0244993174339
"268",1822.25,38.1101593105407
"269",1822.33333333333,38.1949935173078
"270",1822.41666666667,38.2791659805661
"271",1822.5,38.362840743146
"272",1822.58333333333,38.4461818478785
"273",1822.66666666667,38.5293533375946
"274",1822.75,38.6125192551246
"275",1822.83333333333,38.6958436432996
"276",1822.91666666667,38.7794905449505
"277",1823,38.8636240029077
"278",1823.08333333333,38.9484080600021
"279",1823.16666666667,39.0340067590649
"280",1823.25,39.1205841429262
"281",1823.33333333333,39.2083042544173
"282",1823.41666666667,39.2973311363689
"283",1823.5,39.3878288316116
"284",1823.58333333333,39.4799613829761
"285",1823.66666666667,39.5738928332938
"286",1823.75,39.6697872253947
"287",1823.83333333333,39.7678086021099
"288",1823.91666666667,39.8681210062705
"289",1824,39.9708884807067
"290",1824.08333333333,40.0761828573341
"291",1824.16666666667,40.1837071244062
"292",1824.25,40.2930720592602
"293",1824.33333333333,40.403888439234
"294",1824.41666666667,40.5157670416657
"295",1824.5,40.6283186438923
"296",1824.58333333333,40.7411540232521
"297",1824.66666666667,40.8538839570829
"298",1824.75,40.9661192227219
"299",1824.83333333333,41.0774705975071
"300",1824.91666666667,41.1875488587765
"301",1825,41.2959647838674
"302",1825.08333333333,41.4023291501176
"303",1825.16666666667,41.5062527348653
"304",1825.25,41.6073463154475
"305",1825.33333333333,41.7052206692023
"306",1825.41666666667,41.7994865734677
"307",1825.5,41.8897548055809
"308",1825.58333333333,41.9756361428798
"309",1825.66666666667,42.0567413627025
"310",1825.75,42.1326812423862
"311",1825.83333333333,42.2030665592688
"312",1825.91666666667,42.2675080906883
"313",1826,42.325616613982
"314",1826.08333333333,42.3771660821172
"315",1826.16666666667,42.4225831505792
"316",1826.25,42.4624576504819
"317",1826.33333333333,42.4973794129399
"318",1826.41666666667,42.5279382690677
"319",1826.5,42.5547240499795
"320",1826.58333333333,42.5783265867898
"321",1826.66666666667,42.599335710613
"322",1826.75,42.6183412525634
"323",1826.83333333333,42.6359330437555
"324",1826.91666666667,42.6527009153037
"325",1827,42.6692346983222
"326",1827.08333333333,42.6861242239256
"327",1827.16666666667,42.7039593232282
"328",1827.25,42.7233298273444
"329",1827.33333333333,42.7448255673886
"330",1827.41666666667,42.7690363744752
"331",1827.5,42.7965520797186
"332",1827.58333333333,42.8279625142331
"333",1827.66666666667,42.8638575091333
"334",1827.75,42.9048268955333
"335",1827.83333333333,42.9514605045477
"336",1827.91666666667,43.0043481672909
"337",1828,43.0640797148772
"338",1828.08333333333,43.1310642536589
"339",1828.16666666667,43.2049879909409
"340",1828.25,43.2853564092652
"341",1828.33333333333,43.3716749911746
"342",1828.41666666667,43.4634492192117
"343",1828.5,43.5601845759186
"344",1828.58333333333,43.661386543838
"345",1828.66666666667,43.7665606055128
"346",1828.75,43.8752122434849
"347",1828.83333333333,43.986846940297
"348",1828.91666666667,44.1009701784919
"349",1829,44.2170874406117
"350",1829.08333333333,44.3347042091989
"351",1829.16666666667,44.4533259667966
"352",1829.25,44.5724581959466
"353",1829.33333333333,44.6916063791916
"354",1829.41666666667,44.8102759990745
"355",1829.5,44.9279725381372
"356",1829.58333333333,45.0442014789225
"357",1829.66666666667,45.1584683039732
"358",1829.75,45.2702784958312
"359",1829.83333333333,45.3791375370393
"360",1829.91666666667,45.4845509101404
"361",1830,45.5860240976762
"362",1830.08333333333,45.6831606012355
"363",1830.16666666667,45.7759559985903
"364",1830.25,45.8645038865575
"365",1830.33333333333,45.9488978619551
"366",1830.41666666667,46.0292315216009
"367",1830.5,46.1055984623119
"368",1830.58333333333,46.1780922809059
"369",1830.66666666667,46.2468065742008
"370",1830.75,46.3118349390137
"371",1830.83333333333,46.3732709721624
"372",1830.91666666667,46.4312082704646
"373",1831,46.4857404307375
"374",1831.08333333333,46.536961049799
"375",1831.16666666667,46.5849637244666
"376",1831.25,46.6298420515578
"377",1831.33333333333,46.6716896278901
"378",1831.41666666667,46.7106000502814
"379",1831.5,46.7466669155489
"380",1831.58333333333,46.7799838205103
"381",1831.66666666667,46.8106443619834
"382",1831.75,46.8387421367854
"383",1831.83333333333,46.8643707417341
"384",1831.91666666667,46.887623773647
"385",1832,46.9085948293417
"386",1832.08333333333,46.9273775056358
"387",1832.16666666667,46.9440653993469
"388",1832.25,46.9587521072924
"389",1832.33333333333,46.97153122629
"390",1832.41666666667,46.9824963531573
"391",1832.5,46.9917410847118
"392",1832.58333333333,46.9993590177711
"393",1832.66666666667,47.0054437491528
"394",1832.75,47.0100888756744
"395",1832.83333333333,47.0133879941536
"396",1832.91666666667,47.0154347014078
"397",1833,47.0163225942547
"398",1833.08333333333,47.0161440179
"399",1833.16666666667,47.0149863111014
"400",1833.25,47.0129355610052
"401",1833.33333333333,47.0100778547572
"402",1833.41666666667,47.0064992795035
"403",1833.5,47.00228592239
"404",1833.58333333333,46.9975238705629
"405",1833.66666666667,46.992299211168
"406",1833.75,46.9866980313515
"407",1833.83333333333,46.9808064182593
"408",1833.91666666667,46.9747104590374
"409",1834,46.9684962408318
"410",1834.08333333333,46.9622498507886
"411",1834.16666666667,46.9560573760538
"412",1834.25,46.9500049037733
"413",1834.33333333333,46.9441785210931
"414",1834.41666666667,46.9386643151593
"415",1834.5,46.933548373118
"416",1834.58333333333,46.928916782115
"417",1834.66666666667,46.9248556292964
"418",1834.75,46.9214510018082
"419",1834.83333333333,46.9187889867965
"420",1834.91666666667,46.9169556714071
"421",1835,46.9160371427862
"422",1835.08333333333,46.9161315080384
"423",1835.16666666667,46.9173849541028
"424",1835.25,46.9199556878774
"425",1835.33333333333,46.9240019162597
"426",1835.41666666667,46.9296818461478
"427",1835.5,46.9371536844394
"428",1835.58333333333,46.9465756380323
"429",1835.66666666667,46.9581059138243
"430",1835.75,46.9719027187133
"431",1835.83333333333,46.988124259597
"432",1835.91666666667,47.0069287433734
"433",1836,47.02847437694
"434",1836.08333333333,47.0529193671949
"435",1836.16666666667,47.0804219210358
"436",1836.25,47.1111402453604
"437",1836.33333333333,47.1452325470667
"438",1836.41666666667,47.1828570330526
"439",1836.5,47.2241719102155
"440",1836.58333333333,47.2693353854536
"441",1836.66666666667,47.3185056656646
"442",1836.75,47.3718409577462
"443",1836.83333333333,47.4294994685963
"444",1836.91666666667,47.4916394051129
"445",1837,47.5584189741934
"446",1837.08333333333,47.6299065306165
"447",1837.16666666667,47.7058110206828
"448",1837.25,47.7857515385732
"449",1837.33333333333,47.869347178469
"450",1837.41666666667,47.9562170345516
"451",1837.5,48.0459802010018
"452",1837.58333333333,48.1382557720008
"453",1837.66666666667,48.2326628417302
"454",1837.75,48.3288205043706
"455",1837.83333333333,48.4263478541033
"456",1837.91666666667,48.5248639851099
"457",1838,48.623987991571
"458",1838.08333333333,48.7233389676679
"459",1838.16666666667,48.8225360075822
"460",1838.25,48.9211982054943
"461",1838.33333333333,49.0189446555859
"462",1838.41666666667,49.1153944520383
"463",1838.5,49.210166689032
"464",1838.58333333333,49.3028804607487
"465",1838.66666666667,49.3931548613696
"466",1838.75,49.4806089850755
"467",1838.83333333333,49.5648619260477
"468",1838.91666666667,49.6455327784676
"469",1839,49.722240636516
"470",1839.08333333333,49.7947002582725
"471",1839.16666666667,49.86300905741
"472",1839.25,49.927360111499
"473",1839.33333333333,49.9879464981106
"474",1839.41666666667,50.044961294816
"475",1839.5,50.0985975791857
"476",1839.58333333333,50.1490484287908
"477",1839.66666666667,50.1965069212024
"478",1839.75,50.2411661339912
"479",1839.83333333333,50.2832191447283
"480",1839.91666666667,50.3228590309846
"481",1840,50.3602788703309
"482",1840.08333333333,50.3956717403383
"483",1840.16666666667,50.4292307185777
"484",1840.25,50.4611488826199
"485",1840.33333333333,50.491619310036
"486",1840.41666666667,50.520835078397
"487",1840.5,50.5489892652735
"488",1840.58333333333,50.5762749482368
"489",1840.66666666667,50.6028852048576
"490",1840.75,50.6290131127069
"491",1840.83333333333,50.6548517493556
"492",1840.91666666667,50.6805941923748
"493",1841,50.7064335193353
"494",1841.08333333333,50.7325269124363
"495",1841.16666666667,50.7588879723906
"496",1841.25,50.785494404539
"497",1841.33333333333,50.8123239142227
"498",1841.41666666667,50.8393542067826
"499",1841.5,50.8665629875596
"500",1841.58333333333,50.8939279618947
"501",1841.66666666667,50.921426835129
"502",1841.75,50.9490373126034
"503",1841.83333333333,50.9767370996589
"504",1841.91666666667,51.0045039016365
"505",1842,51.0323154238771
"506",1842.08333333333,51.0601493717217
"507",1842.16666666667,51.0879834505115
"508",1842.25,51.1157953655872
"509",1842.33333333333,51.1435628222898
"510",1842.41666666667,51.1712635259606
"511",1842.5,51.1988751819402
"512",1842.58333333333,51.2263754955697
"513",1842.66666666667,51.2537421721903
"514",1842.75,51.2809529171427
"515",1842.83333333333,51.307985435768
"516",1842.91666666667,51.3348174334073
"517",1843,51.3614266154013
"518",1843.08333333333,51.3877906870911
"519",1843.16666666667,51.4138873538179
"520",1843.25,51.4396943209224
"521",1843.33333333333,51.4651892937457
"522",1843.41666666667,51.4903499776289
"523",1843.5,51.5151540779127
"524",1843.58333333333,51.5395792999383
"525",1843.66666666667,51.5636033490467
"526",1843.75,51.5872039305787
"527",1843.83333333333,51.6103587498754
"528",1843.91666666667,51.6330455122779
"529",1844,51.6552419231269
"530",1844.08333333333,51.6769514666083
"531",1844.16666666667,51.6982807422867
"532",1844.25,51.7193621285711
"533",1844.33333333333,51.740328003871
"534",1844.41666666667,51.7613107465956
"535",1844.5,51.782442735154
"536",1844.58333333333,51.8038563479556
"537",1844.66666666667,51.8256839634096
"538",1844.75,51.8480579599253
"539",1844.83333333333,51.8711107159118
"540",1844.91666666667,51.8949746097787
"541",1845,51.9197820199348
"542",1845.08333333333,51.9456653247897
"543",1845.16666666667,51.9727569027525
"544",1845.25,52.0011891322325
"545",1845.33333333333,52.0310943916389
"546",1845.41666666667,52.0626050593811
"547",1845.5,52.0958535138681
"548",1845.58333333333,52.1309721335094
"549",1845.66666666667,52.1680932967142
"550",1845.75,52.2073493818916
"551",1845.83333333333,52.2488727674509
"552",1845.91666666667,52.2927958318016
"553",1846,52.3392509533526
"554",1846.08333333333,52.3883089969467
"555",1846.16666666667,52.4397947731603
"556",1846.25,52.4934715790028
"557",1846.33333333333,52.549102711484
"558",1846.41666666667,52.6064514676137
"559",1846.5,52.6652811444011
"560",1846.58333333333,52.7253550388562
"561",1846.66666666667,52.7864364479887
"562",1846.75,52.8482886688079
"563",1846.83333333333,52.9106749983237
"564",1846.91666666667,52.9733587335459
"565",1847,53.0361031714839
"566",1847.08333333333,53.0986716091473
"567",1847.16666666667,53.160827343546
"568",1847.25,53.2223336716894
"569",1847.33333333333,53.2829538905873
"570",1847.41666666667,53.3424512972495
"571",1847.5,53.4005891886852
"572",1847.58333333333,53.4571308619044
"573",1847.66666666667,53.5118396139168
"574",1847.75,53.5644787417318
"575",1847.83333333333,53.6148115423591
"576",1847.91666666667,53.6626013128086
"577",1848,53.7076113500896
"578",1848.08333333333,53.7496565091424
"579",1848.16666666667,53.7887578766289
"580",1848.25,53.8249880971409
"581",1848.33333333333,53.858419815271
"582",1848.41666666667,53.8891256756113
"583",1848.5,53.9171783227539
"584",1848.58333333333,53.9426504012911
"585",1848.66666666667,53.9656145558153
"586",1848.75,53.9861434309184
"587",1848.83333333333,54.0043096711927
"588",1848.91666666667,54.0201859212306
"589",1849,54.0338448256241
"590",1849.08333333333,54.0453590289655
"591",1849.16666666667,54.054801175847
"592",1849.25,54.0622439108609
"593",1849.33333333333,54.0677598785993
"594",1849.41666666667,54.0714217236545
"595",1849.5,54.0733020906186
"596",1849.58333333333,54.073473624084
"597",1849.66666666667,54.0720089686427
"598",1849.75,54.0689807688871
"599",1849.83333333333,54.0644616694093
"600",1849.91666666667,54.0585243148015
"601",1850,54.051241349656
"602",1850.08333333333,54.0427053361154
"603",1850.16666666667,54.0330885065234
"604",1850.25,54.0225830107746
"605",1850.33333333333,54.011380998763
"606",1850.41666666667,53.9996746203831
"607",1850.5,53.987656025529
"608",1850.58333333333,53.9755173640951
"609",1850.66666666667,53.9634507859756
"610",1850.75,53.9516484410648
"611",1850.83333333333,53.9403024792571
"612",1850.91666666667,53.9296050504466
"613",1851,53.9197483045276
"614",1851.08333333333,53.9109243913945
"615",1851.16666666667,53.9033254609415
"616",1851.25,53.8971436630628
"617",1851.33333333333,53.8925711476529
"618",1851.41666666667,53.8898000646059
"619",1851.5,53.8890225638161
"620",1851.58333333333,53.8904307951778
"621",1851.66666666667,53.8942169085853
"622",1851.75,53.9005730539329
"623",1851.83333333333,53.9096913811148
"624",1851.91666666667,53.9217640400254
"625",1852,53.9369831805588
"626",1852.08333333333,53.9554866408527
"627",1852.16666666667,53.977195012018
"628",1852.25,54.0019745734087
"629",1852.33333333333,54.029691604379
"630",1852.41666666667,54.0602123842831
"631",1852.5,54.0934031924751
"632",1852.58333333333,54.1291303083091
"633",1852.66666666667,54.1672600111393
"634",1852.75,54.2076585803198
"635",1852.83333333333,54.2501922952048
"636",1852.91666666667,54.2947274351485
"637",1853,54.3411302795048
"638",1853.08333333333,54.389267107628
"639",1853.16666666667,54.4390041988724
"640",1853.25,54.4902078325918
"641",1853.33333333333,54.5427442881405
"642",1853.41666666667,54.5964798448729
"643",1853.5,54.6512807821427
"644",1853.58333333333,54.7070133793042
"645",1853.66666666667,54.7635439157118
"646",1853.75,54.8207386707194
"647",1853.83333333333,54.878463923681
"648",1853.91666666667,54.9365859539512
"649",1854,54.9949710408836
"650",1854.08333333333,55.0534854638327
"651",1854.16666666667,55.1119955021527
"652",1854.25,55.1703674351974
"653",1854.33333333333,55.2284675423212
"654",1854.41666666667,55.2861621028783
"655",1854.5,55.3433173962225
"656",1854.58333333333,55.3997997017083
"657",1854.66666666667,55.4554752986897
"658",1854.75,55.5102104665208
"659",1854.83333333333,55.5638714845558
"660",1854.91666666667,55.616324632149
"661",1855,55.6674361886542
"662",1855.08333333333,55.7171220244376
"663",1855.16666666667,55.7654963739132
"664",1855.25,55.8127230625062
"665",1855.33333333333,55.8589659156424
"666",1855.41666666667,55.9043887587477
"667",1855.5,55.9491554172473
"668",1855.58333333333,55.9934297165672
"669",1855.66666666667,56.0373754821329
"670",1855.75,56.08115653937
"671",1855.83333333333,56.1249367137041
"672",1855.91666666667,56.1688798305611
"673",1856,56.2131497153664
"674",1856.08333333333,56.2579101935456
"675",1856.16666666667,56.3033250905246
"676",1856.25,56.3495582317288
"677",1856.33333333333,56.3967734425839
"678",1856.41666666667,56.4451345485157
"679",1856.5,56.4948053749495
"680",1856.58333333333,56.5459497473112
"681",1856.66666666667,56.5987314910265
"682",1856.75,56.6533144315208
"683",1856.83333333333,56.7098623942199
"684",1856.91666666667,56.7685392045495
"685",1857,56.829508687935
"686",1857.08333333333,56.8928144489004
"687",1857.16666666667,56.9580192083623
"688",1857.25,57.0245654663351
"689",1857.33333333333,57.0918957228337
"690",1857.41666666667,57.1594524778729
"691",1857.5,57.2266782314671
"692",1857.58333333333,57.2930154836311
"693",1857.66666666667,57.3579067343799
"694",1857.75,57.4207944837278
"695",1857.83333333333,57.4811212316896
"696",1857.91666666667,57.5383294782801
"697",1858,57.5918617235139
"698",1858.08333333333,57.6411604674057
"699",1858.16666666667,57.6856682099703
"700",1858.25,57.7248274512223
"701",1858.33333333333,57.7580806911763
"702",1858.41666666667,57.7848704298473
"703",1858.5,57.8046391672496
"704",1858.58333333333,57.8168294033982
"705",1858.66666666667,57.8208836383077
"706",1858.75,57.8162443719927
"707",1858.83333333333,57.8023541044681
"708",1858.91666666667,57.7786553357484
"709",1859,57.7445905658484
"710",1859.08333333333,57.6998061335034
"711",1859.16666666667,57.6447637323312
"712",1859.25,57.5801288946705
"713",1859.33333333333,57.5065671528599
"714",1859.41666666667,57.4247440392375
"715",1859.5,57.3353250861424
"716",1859.58333333333,57.2389758259128
"717",1859.66666666667,57.136361790887
"718",1859.75,57.0281485134042
"719",1859.83333333333,56.9150015258025
"720",1859.91666666667,56.7975863604201
"721",1860,56.6765685495963
"722",1860.08333333333,56.5526136256692
"723",1860.16666666667,56.4263871209771
"724",1860.25,56.2985545678591
"725",1860.33333333333,56.1697814986534
"726",1860.41666666667,56.0407334456983
"727",1860.5,55.9120759413329
"728",1860.58333333333,55.7844745178954
"729",1860.66666666667,55.6585947077241
"730",1860.75,55.535102043158
"731",1860.83333333333,55.4146620565356
"732",1860.91666666667,55.2979402801948
"733",1861,55.1856022464749
"734",1861.08333333333,55.0781852736483
"735",1861.16666666667,54.9757138237245
"736",1861.25,54.8780841446477
"737",1861.33333333333,54.7851924843614
"738",1861.41666666667,54.6969350908094
"739",1861.5,54.6132082119359
"740",1861.58333333333,54.5339080956845
"741",1861.66666666667,54.4589309899988
"742",1861.75,54.3881731428231
"743",1861.83333333333,54.321530802101
"744",1861.91666666667,54.2589002157761
"745",1862,54.2001776317927
"746",1862.08333333333,54.1452592980943
"747",1862.16666666667,54.0940414626248
"748",1862.25,54.0464203733281
"749",1862.33333333333,54.0022922781481
"750",1862.41666666667,53.9615534250283
"751",1862.5,53.9241000619129
"752",1862.58333333333,53.8898284367456
"753",1862.66666666667,53.8586347974701
"754",1862.75,53.8304153920305
"755",1862.83333333333,53.8050664683704
"756",1862.91666666667,53.7824842744337
"757",1863,53.7625650581643
"758",1863.08333333333,53.745225361246
"759",1863.16666666667,53.7304629003227
"760",1863.25,53.7182956857784
"761",1863.33333333333,53.708741727997
"762",1863.41666666667,53.7018190373625
"763",1863.5,53.697545624259
"764",1863.58333333333,53.6959394990702
"765",1863.66666666667,53.6970186721802
"766",1863.75,53.700801153973
"767",1863.83333333333,53.7073049548324
"768",1863.91666666667,53.7165480851425
"769",1864,53.7285485552873
"770",1864.08333333333,53.7433243756505
"771",1864.16666666667,53.7608935566164
"772",1864.25,53.7812741085687
"773",1864.33333333333,53.8044840418914
"774",1864.41666666667,53.8305413669685
"775",1864.5,53.859464094184
"776",1864.58333333333,53.8912702339218
"777",1864.66666666667,53.925977796566
"778",1864.75,53.9636047925002
"779",1864.83333333333,54.0041692321087
"780",1864.91666666667,54.0476891257754
"781",1865,54.0941824838841
"782",1865.08333333333,54.1436673168189
"783",1865.16666666667,54.1961616349638
"784",1865.25,54.2516834487026
"785",1865.33333333333,54.3102507684193
"786",1865.41666666667,54.371881604498
"787",1865.5,54.4365939673225
"788",1865.58333333333,54.5044058672767
"789",1865.66666666667,54.5753353147449
"790",1865.75,54.6494003201106
"791",1865.83333333333,54.726618893758
"792",1865.91666666667,54.8070090460712
"793",1866,54.8905887874338
"794",1866.08333333333,54.9773160213755
"795",1866.16666666667,55.0669082240079
"796",1866.25,55.1590227645874
"797",1866.33333333333,55.2533170123712
"798",1866.41666666667,55.3494483366165
"799",1866.5,55.4470741065796
"800",1866.58333333333,55.5458516915178
"801",1866.66666666667,55.6454384606883
"802",1866.75,55.7454917833473
"803",1866.83333333333,55.8456690287522
"804",1866.91666666667,55.94562756616
"805",1867,56.0450247648272
"806",1867.08333333333,56.1435179940109
"807",1867.16666666667,56.2407646229683
"808",1867.25,56.3364220209559
"809",1867.33333333333,56.4301475572307
"810",1867.41666666667,56.5215986010501
"811",1867.5,56.6104325216702
"812",1867.58333333333,56.6963066883484
"813",1867.66666666667,56.7788784703419
"814",1867.75,56.8578052369069
"815",1867.83333333333,56.9327443573007
"816",1867.91666666667,57.0033532007804
"817",1868,57.0692891366026
"818",1868.08333333333,57.1302370018472
"819",1868.16666666667,57.1859915048858
"820",1868.25,57.2363748219123
"821",1868.33333333333,57.2812091291214
"822",1868.41666666667,57.3203166027074
"823",1868.5,57.3535194188643
"824",1868.58333333333,57.3806397537867
"825",1868.66666666667,57.4014997836688
"826",1868.75,57.4159216847049
"827",1868.83333333333,57.4237276330893
"828",1868.91666666667,57.4247398050164
"829",1869,57.4187803766805
"830",1869.08333333333,57.4056715242758
"831",1869.16666666667,57.3852354239967
"832",1869.25,57.3572942520375
"833",1869.33333333333,57.3216701845925
"834",1869.41666666667,57.278185397856
"835",1869.5,57.2266620680223
"836",1869.58333333333,57.1669223712859
"837",1869.66666666667,57.0987884838407
"838",1869.75,57.0220825818815
"839",1869.83333333333,56.9366268416024
"840",1869.91666666667,56.8422434391973
"841",1870,56.7387545508613
"842",1870.08333333333,56.6261323526326
"843",1870.16666666667,56.5049490199264
"844",1870.25,56.3759267280033
"845",1870.33333333333,56.239787652123
"846",1870.41666666667,56.0972539675449
"847",1870.5,55.9490478495296
"848",1870.58333333333,55.7958914733367
"849",1870.66666666667,55.6385070142256
"850",1870.75,55.4776166474572
"851",1870.83333333333,55.3139425482908
"852",1870.91666666667,55.1482068919859
"853",1871,54.9811318538033
"854",1871.08333333333,54.8134396090025
"855",1871.16666666667,54.6458523328428
"856",1871.25,54.4790922005851
"857",1871.33333333333,54.3138813874888
"858",1871.41666666667,54.1509420688134
"859",1871.5,53.9909964198196
"860",1871.58333333333,53.834766615767
"861",1871.66666666667,53.6829748319149
"862",1871.75,53.5363432435241
"863",1871.83333333333,53.3955940258541
"864",1871.91666666667,53.2614493541644
"865",1872,53.1346314037156
"866",1872.08333333333,53.0156936717335
"867",1872.16666666667,52.9045149433088
"868",1872.25,52.8008053254992
"869",1872.33333333333,52.7042749253616
"870",1872.41666666667,52.614633849953
"871",1872.5,52.531592206331
"872",1872.58333333333,52.4548601015526
"873",1872.66666666667,52.3841476426749
"874",1872.75,52.3191649367553
"875",1872.83333333333,52.2596220908508
"876",1872.91666666667,52.2052292120186
"877",1873,52.155696407316
"878",1873.08333333333,52.1107337838002
"879",1873.16666666667,52.0700514485282
"880",1873.25,52.0333595085574
"881",1873.33333333333,52.0003680709449
"882",1873.41666666667,51.9707872427478
"883",1873.5,51.9443271310235
"884",1873.58333333333,51.920697842829
"885",1873.66666666667,51.8996094852215
"886",1873.75,51.8807721652584
"887",1873.83333333333,51.8638959899966
"888",1873.91666666667,51.8486910664935
"889",1874,51.8348675018062
"890",1874.08333333333,51.8221897378297
"891",1874.16666666667,51.8106395558103
"892",1874.25,51.8002530718319
"893",1874.33333333333,51.7910664019786
"894",1874.41666666667,51.7831156623344
"895",1874.5,51.7764369689834
"896",1874.58333333333,51.7710664380096
"897",1874.66666666667,51.7670401854969
"898",1874.75,51.7643943275296
"899",1874.83333333333,51.7631649801915
"900",1874.91666666667,51.7633882595667
"901",1875,51.7651002817392
"902",1875.08333333333,51.7683371627931
"903",1875.16666666667,51.7731350188125
"904",1875.25,51.7795299658812
"905",1875.33333333333,51.7875581200834
"906",1875.41666666667,51.7972555975031
"907",1875.5,51.8086585142243
"908",1875.58333333333,51.821802986331
"909",1875.66666666667,51.8367251299074
"910",1875.75,51.8534610610373
"911",1875.83333333333,51.8720468958049
"912",1875.91666666667,51.8925187502942
"913",1876,51.9149127405891
"914",1876.08333333333,51.9392649827738
"915",1876.16666666667,51.9656115929323
"916",1876.25,51.9939886871485
"917",1876.33333333333,52.0244323815066
"918",1876.41666666667,52.0569787920905
"919",1876.5,52.0916640349843
"920",1876.58333333333,52.128524226272
"921",1876.66666666667,52.1675954820377
"922",1876.75,52.2089139183653
"923",1876.83333333333,52.2525156513389
"924",1876.91666666667,52.2984367970426
"925",1877,52.3467134715603
"926",1877.08333333333,52.3973377351972
"927",1877.16666666667,52.450125425143
"928",1877.25,52.5048483228081
"929",1877.33333333333,52.5612782096035
"930",1877.41666666667,52.6191868669398
"931",1877.5,52.6783460762276
"932",1877.58333333333,52.7385276188776
"933",1877.66666666667,52.7995032763007
"934",1877.75,52.8610448299073
"935",1877.83333333333,52.9229240611083
"936",1877.91666666667,52.9849127513144
"937",1878,53.0467826819361
"938",1878.08333333333,53.1083056343842
"939",1878.16666666667,53.1692533900696
"940",1878.25,53.2293977304027
"941",1878.33333333333,53.2885104367942
"942",1878.41666666667,53.3463632906551
"943",1878.5,53.4027280733958
"944",1878.58333333333,53.457376566427
"945",1878.66666666667,53.5100805511596
"946",1878.75,53.5606118090041
"947",1878.83333333333,53.6087421213712
"948",1878.91666666667,53.6542432696718
"949",1879,53.6968870353164
"950",1879.08333333333,53.7365021062662
"951",1879.16666666667,53.773144796685
"952",1879.25,53.8069283272864
"953",1879.33333333333,53.8379659187848
"954",1879.41666666667,53.8663707918941
"955",1879.5,53.8922561673283
"956",1879.58333333333,53.9157352658015
"957",1879.66666666667,53.9369213080277
"958",1879.75,53.955927514721
"959",1879.83333333333,53.9728671065954
"960",1879.91666666667,53.987853304365
"961",1880,54.0009993287437
"962",1880.08333333333,54.0124184004456
"963",1880.16666666667,54.0222237401849
"964",1880.25,54.0305285686754
"965",1880.33333333333,54.0374461066313
"966",1880.41666666667,54.0430895747666
"967",1880.5,54.0475721937953
"968",1880.58333333333,54.0510071844315
"969",1880.66666666667,54.0535077673892
"970",1880.75,54.0551871633824
"971",1880.83333333333,54.0561585931252
"972",1880.91666666667,54.0565352773317
"973",1881,54.0564304367158
"974",1881.08333333333,54.0559426416111
"975",1881.16666666667,54.055111860829
"976",1881.25,54.0539634128004
"977",1881.33333333333,54.0525226159562
"978",1881.41666666667,54.0508147887272
"979",1881.5,54.0488652495443
"980",1881.58333333333,54.0466993168384
"981",1881.66666666667,54.0443423090405
"982",1881.75,54.0418195445813
"983",1881.83333333333,54.0391563418918
"984",1881.91666666667,54.0363780194029
"985",1882,54.0335098955454
"986",1882.08333333333,54.0305772887502
"987",1882.16666666667,54.0276055174482
"988",1882.25,54.0246199000704
"989",1882.33333333333,54.0216457550475
"990",1882.41666666667,54.0187084008104
"991",1882.5,54.0158331557901
"992",1882.58333333333,54.0130453384175
"993",1882.66666666667,54.0103702671233
"994",1882.75,54.0078332603386
"995",1882.83333333333,54.0054596364942
"996",1882.91666666667,54.0032747140209
"997",1883,54.0013038113496
"998",1883.08333333333,53.9995660638142
"999",1883.16666666667,53.9980558743596
"1000",1883.25,53.9967614628339
"1001",1883.33333333333,53.995671049085
"1002",1883.41666666667,53.9947728529608
"1003",1883.5,53.9940550943094
"1004",1883.58333333333,53.9935059929786
"1005",1883.66666666667,53.9931137688164
"1006",1883.75,53.9928666416709
"1007",1883.83333333333,53.9927528313898
"1008",1883.91666666667,53.9927605578212
"1009",1884,53.9928780408131
"1010",1884.08333333333,53.9930935002134
"1011",1884.16666666667,53.99339515587
"1012",1884.25,53.9937712276309
"1013",1884.33333333333,53.9942099353441
"1014",1884.41666666667,53.9946994988575
"1015",1884.5,53.9952281380191
"1016",1884.58333333333,53.9957840726768
"1017",1884.66666666667,53.9963555226786
"1018",1884.75,53.9969307078724
"1019",1884.83333333333,53.9974978481062
"1020",1884.91666666667,53.9980451632279
"1021",1885,53.9985608730856
"1022",1885.08333333333,53.9990353955467
"1023",1885.16666666667,53.9994679405575
"1024",1885.25,53.9998599160838
"1025",1885.33333333333,54.0002127300914
"1026",1885.41666666667,54.0005277905462
"1027",1885.5,54.0008065054139
"1028",1885.58333333333,54.0010502826604
"1029",1885.66666666667,54.0012605302514
"1030",1885.75,54.0014386561529
"1031",1885.83333333333,54.0015860683306
"1032",1885.91666666667,54.0017041747503
"1033",1886,54.0017943833779
"1034",1886.08333333333,54.0018581021792
"1035",1886.16666666667,54.00189673912
"1036",1886.25,54.0019117021661
"1037",1886.33333333333,54.0019043992834
"1038",1886.41666666667,54.0018762384377
"1039",1886.5,54.0018286275947
"1040",1886.58333333333,54.0017629747203
"1041",1886.66666666667,54.0016806877804
"1042",1886.75,54.0015831747406
"1043",1886.83333333333,54.001471843567
"1044",1886.91666666667,54.0013481022252
"1045",1887,54.0012133586811
"1046",1887.08333333333,54.0010690209006
"1047",1887.16666666667,54.0009164968494
"1048",1887.25,54.0007571944933
"1049",1887.33333333333,54.0005925217982
"1050",1887.41666666667,54.0004238867299
"1051",1887.5,54.0002526972543
"1052",1887.58333333333,54.0000803613371
"1053",1887.66666666667,53.9999082869441
"1054",1887.75,53.9997378820412
"1055",1887.83333333333,53.9995705545942
"1056",1887.91666666667,53.9994077125689
"1057",1888,53.9992507639311
"1058",1888.08333333333,53.9991010292999
"1059",1888.16666666667,53.9989594799067
"1060",1888.25,53.9988269996364
"1061",1888.33333333333,53.9987044723736
"1062",1888.41666666667,53.9985927820032
"1063",1888.5,53.9984928124098
"1064",1888.58333333333,53.9984054474781
"1065",1888.66666666667,53.998331571093
"1066",1888.75,53.9982720671392
"1067",1888.83333333333,53.9982278195013
"1068",1888.91666666667,53.9981997120642
"1069",1889,53.9981886287126
"1070",1889.08333333333,53.9981954533311
"1071",1889.16666666667,53.9982210698047
"1072",1889.25,53.9982663620179
"1073",1889.33333333333,53.9983322138555
"1074",1889.41666666667,53.9984195092023
"1075",1889.5,53.998529131943
"1076",1889.58333333333,53.9986619659624
"1077",1889.66666666667,53.9988188951451
"1078",1889.75,53.999000803376
"1079",1889.83333333333,53.9992085745397
"1080",1889.91666666667,53.999443092521
"1081",1890,53.9997052412046
"1082",1890.08333333333,53.9999948450035
"1083",1890.16666666667,54.0003074904431
"1084",1890.25,54.000637704577
"1085",1890.33333333333,54.0009800144591
"1086",1890.41666666667,54.0013289471428
"1087",1890.5,54.0016790296818
"1088",1890.58333333333,54.0020247891299
"1089",1890.66666666667,54.0023607525406
"1090",1890.75,54.0026814469677
"1091",1890.83333333333,54.0029813994647
"1092",1890.91666666667,54.0032551370854
"1093",1891,54.0034971868833
"1094",1891.08333333333,54.0037020759122
"1095",1891.16666666667,54.0038643312257
"1096",1891.25,54.0039784798774
"1097",1891.33333333333,54.004039048921
"1098",1891.41666666667,54.0040405654102
"1099",1891.5,54.0039775563986
"1100",1891.58333333333,54.0038445489399
"1101",1891.66666666667,54.0036360700877
"1102",1891.75,54.0033466468957
"1103",1891.83333333333,54.0029708064176
"1104",1891.91666666667,54.0025030757069
"1105",1892,54.0019379818174
"1106",1892.08333333333,54.0012736414363
"1107",1892.16666666667,54.0005225297852
"1108",1892.25,53.9997007117194
"1109",1892.33333333333,53.998824252094
"1110",1892.41666666667,53.9979092157643
"1111",1892.5,53.9969716675856
"1112",1892.58333333333,53.9960276724129
"1113",1892.66666666667,53.9950932951016
"1114",1892.75,53.9941846005069
"1115",1892.83333333333,53.993317653484
"1116",1892.91666666667,53.992508518888
"1117",1893,53.9917732615743
"1118",1893.08333333333,53.991127946398
"1119",1893.16666666667,53.9905886382144
"1120",1893.25,53.9901714018787
"1121",1893.33333333333,53.9898923022461
"1122",1893.41666666667,53.9897674041718
"1123",1893.5,53.9898127725111
"1124",1893.58333333333,53.9900444721191
"1125",1893.66666666667,53.9904785678511
"1126",1893.75,53.9911311245623
"1127",1893.83333333333,53.9920182071079
"1128",1893.91666666667,53.9931558803432
"1129",1894,53.9945602091233
"1130",1894.08333333333,53.9962365688537
"1131",1894.16666666667,53.99814757714
"1132",1894.25,54.0002451621382
"1133",1894.33333333333,54.0024812520041
"1134",1894.41666666667,54.0048077748938
"1135",1894.5,54.007176658963
"1136",1894.58333333333,54.0095398323677
"1137",1894.66666666667,54.0118492232637
"1138",1894.75,54.014056759807
"1139",1894.83333333333,54.0161143701534
"1140",1894.91666666667,54.0179739824589
"1141",1895,54.0195875248793
"1142",1895.08333333333,54.0209069255706
"1143",1895.16666666667,54.0218841126886
"1144",1895.25,54.0224710143893
"1145",1895.33333333333,54.0226195588285
"1146",1895.41666666667,54.0222816741621
"1147",1895.5,54.021409288546
"1148",1895.58333333333,54.0199543301362
"1149",1895.66666666667,54.0178687270885
"1150",1895.75,54.0151044075588
"1151",1895.83333333333,54.011613299703
"1152",1895.91666666667,54.0073473316771
"1153",1896,54.0022584316368
"1154",1896.08333333333,53.9963285715588
"1155",1896.16666666667,53.9896598987023
"1156",1896.25,53.9823846041472
"1157",1896.33333333333,53.9746348789734
"1158",1896.41666666667,53.9665429142607
"1159",1896.5,53.958240901089
"1160",1896.58333333333,53.9498610305383
"1161",1896.66666666667,53.9415354936884
"1162",1896.75,53.9333964816193
"1163",1896.83333333333,53.9255761854107
"1164",1896.91666666667,53.9182067961427
"1165",1897,53.911420504895
"1166",1897.08333333333,53.9053495027476
"1167",1897.16666666667,53.9001259807803
"1168",1897.25,53.8958821300731
"1169",1897.33333333333,53.8927501417058
"1170",1897.41666666667,53.8908622067584
"1171",1897.5,53.8903505163106
"1172",1897.58333333333,53.8913472614425
"1173",1897.66666666667,53.8939846332338
"1174",1897.75,53.8983948227645
"1175",1897.83333333333,53.9047100211145
"1176",1897.91666666667,53.9130624193637
"1177",1898,53.9235842085919
"1178",1898.08333333333,53.936407579879
"1179",1898.16666666667,53.951664724305
"1180",1898.25,53.9694878329496
"1181",1898.33333333333,53.9900090968929
"1182",1898.41666666667,54.0133607072146
"1183",1898.5,54.0396748549947
"1184",1898.58333333333,54.0690837313131
"1185",1898.66666666667,54.1017195272497
"1186",1898.75,54.1377144338843
"1187",1898.83333333333,54.1772006422967
"1188",1898.91666666667,54.2203103435672
"1189",1899,54.2671757287752
"1190",1899.08333333333,54.317865853969
"1191",1899.16666666667,54.3721972350701
"1192",1899.25,54.4299232529675
"1193",1899.33333333333,54.490797288551
"1194",1899.41666666667,54.55457272271
"1195",1899.5,54.6210029363339
"1196",1899.58333333333,54.6898413103121
"1197",1899.66666666667,54.7608412255343
"1198",1899.75,54.8337560628897
"1199",1899.83333333333,54.9083392032679
"1200",1899.91666666667,54.9843440275585
"1201",1900,55.0615239166507
"1202",1900.08333333333,55.139632251434
"1203",1900.16666666667,55.2184224127982
"1204",1900.25,55.2976477816323
"1205",1900.33333333333,55.377061738826
"1206",1900.41666666667,55.456417665269
"1207",1900.5,55.5354689418502
"1208",1900.58333333333,55.6139689494595
"1209",1900.66666666667,55.6916710689864
"1210",1900.75,55.76832868132
"1211",1900.83333333333,55.84369516735
"1212",1900.91666666667,55.917523907966
"1213",1901,55.9895682840571
"1214",1901.08333333333,56.0596174679937
"1215",1901.16666666667,56.1276037980684
"1216",1901.25,56.1934954040542
"1217",1901.33333333333,56.2572604157245
"1218",1901.41666666667,56.3188669628526
"1219",1901.5,56.3782831752114
"1220",1901.58333333333,56.4354771825744
"1221",1901.66666666667,56.490417114715
"1222",1901.75,56.5430711014059
"1223",1901.83333333333,56.5934072724207
"1224",1901.91666666667,56.6413937575327
"1225",1902,56.6869986865148
"1226",1902.08333333333,56.7301901891405
"1227",1902.16666666667,56.770936395183
"1228",1902.25,56.8092054344154
"1229",1902.33333333333,56.8449654366109
"1230",1902.41666666667,56.878184531543
"1231",1902.5,56.9088308489846
"1232",1902.58333333333,56.9368725187091
"1233",1902.66666666667,56.9622776704898
"1234",1902.75,56.9850144340997
"1235",1902.83333333333,57.0050509393122
"1236",1902.91666666667,57.0223553159005
"1237",1903,57.0368956936378
"1238",1903.08333333333,57.0486804516232
"1239",1903.16666666667,57.0578789662592
"1240",1903.25,57.0647008632741
"1241",1903.33333333333,57.0693557683962
"1242",1903.41666666667,57.0720533073539
"1243",1903.5,57.0730031058755
"1244",1903.58333333333,57.0724147896892
"1245",1903.66666666667,57.0704979845236
"1246",1903.75,57.0674623161068
"1247",1903.83333333333,57.0635174101672
"1248",1903.91666666667,57.0588728924332
"1249",1904,57.053738388633
"1250",1904.08333333333,57.0483235244951
"1251",1904.16666666667,57.0428379257476
"1252",1904.25,57.0374912181191
"1253",1904.33333333333,57.0324930273377
"1254",1904.41666666667,57.0280529791318
"1255",1904.5,57.0243806992298
"1256",1904.58333333333,57.02168581336
"1257",1904.66666666667,57.0201779472506
"1258",1904.75,57.0200667266301
"1259",1904.83333333333,57.0215617772268
"1260",1904.91666666667,57.024872724769
"1261",1905,57.030209194985
"1262",1905.08333333333,57.0377325274933
"1263",1905.16666666667,57.0474109174727
"1264",1905.25,57.0591642739923
"1265",1905.33333333333,57.072912506121
"1266",1905.41666666667,57.088575522928
"1267",1905.5,57.106073233482
"1268",1905.58333333333,57.1253255468522
"1269",1905.66666666667,57.1462523721075
"1270",1905.75,57.168773618317
"1271",1905.83333333333,57.1928091945496
"1272",1905.91666666667,57.2182790098744
"1273",1906,57.2451029733603
"1274",1906.08333333333,57.2732009940763
"1275",1906.16666666667,57.3024929810916
"1276",1906.25,57.3328988434749
"1277",1906.33333333333,57.3643384902953
"1278",1906.41666666667,57.396731830622
"1279",1906.5,57.4299987735237
"1280",1906.58333333333,57.4640592280695
"1281",1906.66666666667,57.4988331033286
"1282",1906.75,57.5342403083696
"1283",1906.83333333333,57.5702007522619
"1284",1906.91666666667,57.6066343440743
"1285",1907,57.6434609928758
"1286",1907.08333333333,57.6805982686008
"1287",1907.16666666667,57.717954384646
"1288",1907.25,57.7554352152729
"1289",1907.33333333333,57.7929466347436
"1290",1907.41666666667,57.83039451732
"1291",1907.5,57.8676847372639
"1292",1907.58333333333,57.9047231688371
"1293",1907.66666666667,57.9414156863016
"1294",1907.75,57.9776681639192
"1295",1907.83333333333,58.0133864759518
"1296",1907.91666666667,58.0484764966614
"1297",1908,58.0828441003097
"1298",1908.08333333333,58.1163951611586
"1299",1908.16666666667,58.1490355534702
"1300",1908.25,58.180671151506
"1301",1908.33333333333,58.2112078295281
"1302",1908.41666666667,58.2405514617985
"1303",1908.5,58.2686079225787
"1304",1908.58333333333,58.2952830861309
"1305",1908.66666666667,58.320482826717
"1306",1908.75,58.3441130185986
"1307",1908.83333333333,58.3660795360378
"1308",1908.91666666667,58.3862882532964
"1309",1909,58.4046450446363
"1310",1909.08333333333,58.4210557843193
"1311",1909.16666666667,58.4354263466074
"1312",1909.25,58.4476626057624
"1313",1909.33333333333,58.4576704360463
"1314",1909.41666666667,58.4653557117207
"1315",1909.5,58.4706243070478
"1316",1909.58333333333,58.4733820962892
"1317",1909.66666666667,58.473534953707
"1318",1909.75,58.4709887535629
"1319",1909.83333333333,58.4656493701189
"1320",1909.91666666667,58.4574226776368
"1321",1910,58.4462145503785
"1322",1910.08333333333,58.4319839650413
"1323",1910.16666666667,58.4149023080639
"1324",1910.25,58.3951940683204
"1325",1910.33333333333,58.3730837346849
"1326",1910.41666666667,58.3487957960314
"1327",1910.5,58.3225547412341
"1328",1910.58333333333,58.2945850591672
"1329",1910.66666666667,58.2651112387046
"1330",1910.75,58.2343577687206
"1331",1910.83333333333,58.2025491380892
"1332",1910.91666666667,58.1699098356845
"1333",1911,58.1366643503806
"1334",1911.08333333333,58.1030371710517
"1335",1911.16666666667,58.0692527865717
"1336",1911.25,58.0355356858149
"1337",1911.33333333333,58.0021103576553
"1338",1911.41666666667,57.969201290967
"1339",1911.5,57.9370329746242
"1340",1911.58333333333,57.9058298975009
"1341",1911.66666666667,57.8758165484712
"1342",1911.75,57.8472174164093
"1343",1911.83333333333,57.8202569901893
"1344",1911.91666666667,57.7951597586851
"1345",1912,57.772150210771
"1346",1912.08333333333,57.7513940799607
"1347",1912.16666666667,57.7328220783263
"1348",1912.25,57.7163061625794
"1349",1912.33333333333,57.701718289432
"1350",1912.41666666667,57.6889304155955
"1351",1912.5,57.6778144977819
"1352",1912.58333333333,57.6682424927028
"1353",1912.66666666667,57.6600863570699
"1354",1912.75,57.653218047595
"1355",1912.83333333333,57.6475095209897
"1356",1912.91666666667,57.642832733966
"1357",1913,57.6390596432353
"1358",1913.08333333333,57.6360622055096
"1359",1913.16666666667,57.6337123775004
"1360",1913.25,57.6318821159197
"1361",1913.33333333333,57.6304433774789
"1362",1913.41666666667,57.62926811889
"1363",1913.5,57.6282282968645
"1364",1913.58333333333,57.6271958681144
"1365",1913.66666666667,57.6260427893512
"1366",1913.75,57.6246410172867
"1367",1913.83333333333,57.6228625086326
"1368",1913.91666666667,57.6205792201007
"1369",1914,57.6176631084026
"1370",1914.08333333333,57.6140752897804
"1371",1914.16666666667,57.6101335185966
"1372",1914.25,57.606244708744
"1373",1914.33333333333,57.6028157741155
"1374",1914.41666666667,57.6002536286039
"1375",1914.5,57.598965186102
"1376",1914.58333333333,57.5993573605026
"1377",1914.66666666667,57.6018370656986
"1378",1914.75,57.6068112155827
"1379",1914.83333333333,57.6146867240477
"1380",1914.91666666667,57.6258705049866
"1381",1915,57.6407694722921
"1382",1915.08333333333,57.6597905398569
"1383",1915.16666666667,57.6833406215741
"1384",1915.25,57.7118266313363
"1385",1915.33333333333,57.7456554830363
"1386",1915.41666666667,57.7852340905672
"1387",1915.5,57.8309693678215
"1388",1915.58333333333,57.883268228692
"1389",1915.66666666667,57.9425375870719
"1390",1915.75,58.0091843568536
"1391",1915.83333333333,58.0836154519301
"1392",1915.91666666667,58.1662377861943
"1393",1916,58.2574582735388
"1394",1916.08333333333,58.3575413086744
"1395",1916.16666666667,58.4661812095835
"1396",1916.25,58.5829297750655
"1397",1916.33333333333,58.7073388039207
"1398",1916.41666666667,58.8389600949495
"1399",1916.5,58.9773454469511
"1400",1916.58333333333,59.1220466587259
"1401",1916.66666666667,59.2726155290742
"1402",1916.75,59.4286038567953
"1403",1916.83333333333,59.5895634406896
"1404",1916.91666666667,59.7550460795575
"1405",1917,59.9246035721981
"1406",1917.08333333333,60.0977877174117
"1407",1917.16666666667,60.274150313999
"1408",1917.25,60.4532431607589
"1409",1917.33333333333,60.6346180564919
"1410",1917.41666666667,60.8178267999985
"1411",1917.5,61.0024211900777
"1412",1917.58333333333,61.1879530255299
"1413",1917.66666666667,61.3739741051558
"1414",1917.75,61.5600362277542
"1415",1917.83333333333,61.7456911921256
"1416",1917.91666666667,61.9304907970706
"1417",1918,62.1139868413881
"1418",1918.08333333333,62.2957956963324
"1419",1918.16666666667,62.4757920229733
"1420",1918.25,62.6539150548325
"1421",1918.33333333333,62.8301040254337
"1422",1918.41666666667,63.0042981683002
"1423",1918.5,63.176436716954
"1424",1918.58333333333,63.3464589049185
"1425",1918.66666666667,63.5143039657172
"1426",1918.75,63.6799111328721
"1427",1918.83333333333,63.8432196399067
"1428",1918.91666666667,64.0041687203442
"1429",1919,64.1626976077068
"1430",1919.08333333333,64.3187455355179
"1431",1919.16666666667,64.4722517373009
"1432",1919.25,64.6231554465778
"1433",1919.33333333333,64.7713958968721
"1434",1919.41666666667,64.9169123217071
"1435",1919.5,65.059643954605
"1436",1919.58333333333,65.199530029089
"1437",1919.66666666667,65.3365097786826
"1438",1919.75,65.4705224369079
"1439",1919.83333333333,65.6015072372884
"1440",1919.91666666667,65.7294034133472
"1441",1920,65.8541501986066
"1442",1920.08333333333,65.97568682659
"1443",1920.16666666667,66.0939525308206
"1444",1920.25,66.2088865448207
"1445",1920.33333333333,66.3204281021137
"1446",1920.41666666667,66.4285164362226
"1447",1920.5,66.53309078067
"1448",1920.58333333333,66.6340903689791
"1449",1920.66666666667,66.731454434673
"1450",1920.75,66.8251222112743
"1451",1920.83333333333,66.9150329323061
"1452",1920.91666666667,67.0011258312917
"1453",1921,67.0833401417535
"1454",1921.08333333333,67.1616558158623
"1455",1921.16666666667,67.23621568038
"1456",1921.25,67.3072032807153
"1457",1921.33333333333,67.3748021622776
"1458",1921.41666666667,67.4391958704763
"1459",1921.5,67.5005679507202
"1460",1921.58333333333,67.5591019484189
"1461",1921.66666666667,67.6149814089815
"1462",1921.75,67.668389877817
"1463",1921.83333333333,67.7195109003348
"1464",1921.91666666667,67.7685280219441
"1465",1922,67.8156247880541
"1466",1922.08333333333,67.8609847440739
"1467",1922.16666666667,67.9047914354129
"1468",1922.25,67.9472284074801
"1469",1922.33333333333,67.9884792056848
"1470",1922.41666666667,68.0287273754363
"1471",1922.5,68.0681564621437
"1472",1922.58333333333,68.1069500112162
"1473",1922.66666666667,68.1452915680631
"1474",1922.75,68.1833646780934
"1475",1922.83333333333,68.2213528867165
"1476",1922.91666666667,68.2594397393417
"1477",1923,68.2978087813779
"1478",1923.08333333333,68.3366082403467
"1479",1923.16666666667,68.3758450722184
"1480",1923.25,68.4154909150752
"1481",1923.33333333333,68.4555174069997
"1482",1923.41666666667,68.4958961860744
"1483",1923.5,68.5365988903816
"1484",1923.58333333333,68.5775971580038
"1485",1923.66666666667,68.6188626270234
"1486",1923.75,68.6603669355229
"1487",1923.83333333333,68.7020817215846
"1488",1923.91666666667,68.7439786232912
"1489",1924,68.7860292787247
"1490",1924.08333333333,68.8282053259679
"1491",1924.16666666667,68.8704784031033
"1492",1924.25,68.912820148213
"1493",1924.33333333333,68.9552021993796
"1494",1924.41666666667,68.9975961946856
"1495",1924.5,69.0399737722133
"1496",1924.58333333333,69.0823065700452
"1497",1924.66666666667,69.1245662262639
"1498",1924.75,69.1667243789516
"1499",1924.83333333333,69.2087526661907
"1500",1924.91666666667,69.250622726064
"1501",1925,69.2923061966534
"1502",1925.08333333333,69.3337640898745
"1503",1925.16666666667,69.3749149129737
"1504",1925.25,69.4156665470298
"1505",1925.33333333333,69.455926873122
"1506",1925.41666666667,69.4956037723296
"1507",1925.5,69.5346051257316
"1508",1925.58333333333,69.5728388144071
"1509",1925.66666666667,69.6102127194352
"1510",1925.75,69.6466347218951
"1511",1925.83333333333,69.6820127028658
"1512",1925.91666666667,69.7162545434265
"1513",1926,69.7492681246563
"1514",1926.08333333333,69.7809613276343
"1515",1926.16666666667,69.8112420334397
"1516",1926.25,69.8400181231514
"1517",1926.33333333333,69.8671974778487
"1518",1926.41666666667,69.8926879786108
"1519",1926.5,69.9163975065166
"1520",1926.58333333333,69.9382339426452
"1521",1926.66666666667,69.958105168076
"1522",1926.75,69.9759190638878
"1523",1926.83333333333,69.9915835111599
"1524",1926.91666666667,70.0050063909714
"1525",1927,70.0160955844013
"1526",1927.08333333333,70.0248023479751
"1527",1927.16666666667,70.0312514400036
"1528",1927.25,70.0356109942438
"1529",1927.33333333333,70.0380491444527
"1530",1927.41666666667,70.0387340243874
"1531",1927.5,70.0378337678049
"1532",1927.58333333333,70.0355165084622
"1533",1927.66666666667,70.0319503801165
"1534",1927.75,70.0273035165246
"1535",1927.83333333333,70.0217440514438
"1536",1927.91666666667,70.015440118631
"1537",1928,70.0085598518432
"1538",1928.08333333333,70.0012713848376
"1539",1928.16666666667,69.9937428513711
"1540",1928.25,69.9861423852008
"1541",1928.33333333333,69.9786381200838
"1542",1928.41666666667,69.971398189777
"1543",1928.5,69.9645907280376
"1544",1928.58333333333,69.9583838686225
"1545",1928.66666666667,69.9529457452889
"1546",1928.75,69.9484444917937
"1547",1928.83333333333,69.945048241894
"1548",1928.91666666667,69.9429251293468
"1549",1929,69.9422432879093
"1550",1929.08333333333,69.9431354187925
"1551",1929.16666666667,69.9455924930245
"1552",1929.25,69.9495700490873
"1553",1929.33333333333,69.955023625463
"1554",1929.41666666667,69.9619087606337
"1555",1929.5,69.9701809930816
"1556",1929.58333333333,69.9797958612888
"1557",1929.66666666667,69.9907089037373
"1558",1929.75,70.0028756589092
"1559",1929.83333333333,70.0162516652866
"1560",1929.91666666667,70.0307924613518
"1561",1930,70.0464535855866
"1562",1930.08333333333,70.0631905764733
"1563",1930.16666666667,70.080958972494
"1564",1930.25,70.0997143121307
"1565",1930.33333333333,70.1194121338655
"1566",1930.41666666667,70.1400079761807
"1567",1930.5,70.1614573775582
"1568",1930.58333333333,70.1837158764801
"1569",1930.66666666667,70.2067390114287
"1570",1930.75,70.2304823208858
"1571",1930.83333333333,70.2549013433338
"1572",1930.91666666667,70.2799516172547
"1573",1931,70.3055886811304
"1574",1931.08333333333,70.3317680734433
"1575",1931.16666666667,70.3584453326754
"1576",1931.25,70.3855759973087
"1577",1931.33333333333,70.4131156058253
"1578",1931.41666666667,70.4410196967076
"1579",1931.5,70.4692438084373
"1580",1931.58333333333,70.4977434794968
"1581",1931.66666666667,70.5264742483681
"1582",1931.75,70.5553916535332
"1583",1931.83333333333,70.5844512334743
"1584",1931.91666666667,70.6136085266735
"1585",1932,70.642819071613
"1586",1932.08333333333,70.6720453001136
"1587",1932.16666666667,70.7012772173523
"1588",1932.25,70.7305117218448
"1589",1932.33333333333,70.7597457121069
"1590",1932.41666666667,70.7889760866543
"1591",1932.5,70.8181997440028
"1592",1932.58333333333,70.847413582668
"1593",1932.66666666667,70.8766145011659
"1594",1932.75,70.905799398012
"1595",1932.83333333333,70.9349651717223
"1596",1932.91666666667,70.9641087208124
"1597",1933,70.9932269437981
"1598",1933.08333333333,71.0223167391951
"1599",1933.16666666667,71.0513750055192
"1600",1933.25,71.0803986412862
"1601",1933.33333333333,71.1093845450117
"1602",1933.41666666667,71.1383296152117
"1603",1933.5,71.1672307504017
"1604",1933.58333333333,71.1960848490975
"1605",1933.66666666667,71.2248888098151
"1606",1933.75,71.25363953107
"1607",1933.83333333333,71.282333911378
"1608",1933.91666666667,71.3109688492549
"1609",1934,71.3395412432164
"1610",1934.08333333333,71.3680472275164
"1611",1934.16666666667,71.3964798793619
"1612",1934.25,71.4248315116974
"1613",1934.33333333333,71.4530944374681
"1614",1934.41666666667,71.481260969619
"1615",1934.5,71.5093234210946
"1616",1934.58333333333,71.5372741048402
"1617",1934.66666666667,71.5651053338005
"1618",1934.75,71.5928094209205
"1619",1934.83333333333,71.6203786791451
"1620",1934.91666666667,71.6478054214193
"1621",1935,71.6750819606878
"1622",1935.08333333333,71.7022006098957
"1623",1935.16666666667,71.7291536819878
"1624",1935.25,71.7559334899091
"1625",1935.33333333333,71.7825323466044
"1626",1935.41666666667,71.8089425650188
"1627",1935.5,71.835156458097
"1628",1935.58333333333,71.861166338784
"1629",1935.66666666667,71.8869645200248
"1630",1935.75,71.9125433147641
"1631",1935.83333333333,71.937895035947
"1632",1935.91666666667,71.9630119965185
"1633",1936,71.9878865094232
"1634",1936.08333333333,72.0124891343141
"1635",1936.16666666667,72.0367034176758
"1636",1936.25,72.0603911527003
"1637",1936.33333333333,72.0834141325802
"1638",1936.41666666667,72.1056341505079
"1639",1936.5,72.1269129996756
"1640",1936.58333333333,72.1471124732758
"1641",1936.66666666667,72.1660943645007
"1642",1936.75,72.1837204665428
"1643",1936.83333333333,72.1998525725943
"1644",1936.91666666667,72.2143524758478
"1645",1937,72.2270819694954
"1646",1937.08333333333,72.2379028467296
"1647",1937.16666666667,72.2466769007428
"1648",1937.25,72.2532659247272
"1649",1937.33333333333,72.2575317118753
"1650",1937.41666666667,72.2593360553794
"1651",1937.5,72.2585407484319
"1652",1937.58333333333,72.2550075842251
"1653",1937.66666666667,72.2485983559513
"1654",1937.75,72.239174856803
"1655",1937.83333333333,72.2265988799725
"1656",1937.91666666667,72.2107322186521
"1657",1938,72.1914366660343
"1658",1938.08333333333,72.1686163313769
"1659",1938.16666666667,72.1423445882
"1660",1938.25,72.1127371260895
"1661",1938.33333333333,72.0799096346311
"1662",1938.41666666667,72.0439778034104
"1663",1938.5,72.0050573220133
"1664",1938.58333333333,71.9632638800255
"1665",1938.66666666667,71.9187131670325
"1666",1938.75,71.8715208726204
"1667",1938.83333333333,71.8218026863747
"1668",1938.91666666667,71.769674297881
"1669",1939,71.7152513967254
"1670",1939.08333333333,71.6586496724935
"1671",1939.16666666667,71.5999848147707
"1672",1939.25,71.5393725131433
"1673",1939.33333333333,71.4769284571966
"1674",1939.41666666667,71.4127683365163
"1675",1939.5,71.3470078406885
"1676",1939.58333333333,71.2797626592988
"1677",1939.66666666667,71.2111484819326
"1678",1939.75,71.141280998176
"1679",1939.83333333333,71.0702758976147
"1680",1939.91666666667,70.9982488698342
"1681",1940,70.9253156044205
"1682",1940.08333333333,70.8516138030482
"1683",1940.16666666667,70.7773692157481
"1684",1940.25,70.7028296046402
"1685",1940.33333333333,70.6282427318443
"1686",1940.41666666667,70.55385635948
"1687",1940.5,70.4799182496676
"1688",1940.58333333333,70.4066761645268
"1689",1940.66666666667,70.3343778661771
"1690",1940.75,70.2632711167388
"1691",1940.83333333333,70.1936036783317
"1692",1940.91666666667,70.1256233130753
"1693",1941,70.0595777830899
"1694",1941.08333333333,69.9957148504951
"1695",1941.16666666667,69.9342822774107
"1696",1941.25,69.8755278259568
"1697",1941.33333333333,69.8196992582531
"1698",1941.41666666667,69.7670443364193
"1699",1941.5,69.7178108225756
"1700",1941.58333333333,69.6722464788417
"1701",1941.66666666667,69.6305990673372
"1702",1941.75,69.5931163501824
"1703",1941.83333333333,69.5600460894969
"1704",1941.91666666667,69.5316360474004
"1705",1942,69.5081339860131
"1706",1942.08333333333,69.4897876674547
"1707",1942.16666666667,69.476844853845
"1708",1942.25,69.469553307304
"1709",1942.33333333333,69.4681607899513
"1710",1942.41666666667,69.472915063907
"1711",1942.5,69.4840638912909
"1712",1942.58333333333,69.5018550342227
"1713",1942.66666666667,69.5265362548225
"1714",1942.75,69.5583553152099
"1715",1942.83333333333,69.5975599775049
"1716",1942.91666666667,69.6443980038274
"1717",1943,69.6991171562971
"1718",1943.08333333333,69.7618399173473
"1719",1943.16666666667,69.8321876506647
"1720",1943.25,69.9096564402491
"1721",1943.33333333333,69.9937423701005
"1722",1943.41666666667,70.0839415242193
"1723",1943.5,70.1797499866048
"1724",1943.58333333333,70.2806638412573
"1725",1943.66666666667,70.3861791721772
"1726",1943.75,70.4957920633637
"1727",1943.83333333333,70.6089985988172
"1728",1943.91666666667,70.7252948625379
"1729",1944,70.8441769385252
"1730",1944.08333333333,70.9651409107795
"1731",1944.16666666667,71.0876828633009
"1732",1944.25,71.2112988800889
"1733",1944.33333333333,71.3354850451437
"1734",1944.41666666667,71.4597374424657
"1735",1944.5,71.5835521560542
"1736",1944.58333333333,71.7064252699094
"1737",1944.66666666667,71.8278528680318
"1738",1944.75,71.9473310344205
"1739",1944.83333333333,72.064355853076
"1740",1944.91666666667,72.1784234079986
"1741",1945,72.2890297831874
"1742",1945.08333333333,72.3958580653598
"1743",1945.16666666667,72.4993393520997
"1744",1945.25,72.6000917437072
"1745",1945.33333333333,72.6987333404832
"1746",1945.41666666667,72.7958822427285
"1747",1945.5,72.8921565507432
"1748",1945.58333333333,72.9881743648281
"1749",1945.66666666667,73.0845537852842
"1750",1945.75,73.1819129124114
"1751",1945.83333333333,73.2808698465107
"1752",1945.91666666667,73.382042687883
"1753",1946,73.4860495368282
"1754",1946.08333333333,73.5935084936472
"1755",1946.16666666667,73.705037658641
"1756",1946.25,73.8212551321095
"1757",1946.33333333333,73.9427790143536
"1758",1946.41666666667,74.0702274056744
"1759",1946.5,74.2042184063716
"1760",1946.58333333333,74.3453701167462
"1761",1946.66666666667,74.4943006370993
"1762",1946.75,74.6516280677305
"1763",1946.83333333333,74.817970508941
"1764",1946.91666666667,74.9939460610318
"1765",1947,75.1801728243026
"1766",1947.08333333333,75.3770099108428
"1767",1947.16666666667,75.5837804798962
"1768",1947.25,75.7995487024932
"1769",1947.33333333333,76.0233787496661
"1770",1947.41666666667,76.2543347924471
"1771",1947.5,76.4914810018664
"1772",1947.58333333333,76.7338815489564
"1773",1947.66666666667,76.9806006047494
"1774",1947.75,77.2307023402755
"1775",1947.83333333333,77.483250926567
"1776",1947.91666666667,77.7373105346563
"1777",1948,77.9919453355736
"1778",1948.08333333333,78.2462195003511
"1779",1948.16666666667,78.4991972000212
"1780",1948.25,78.7499426056141
"1781",1948.33333333333,78.9975198881621
"1782",1948.41666666667,79.2409932186975
"1783",1948.5,79.4794267682504
"1784",1948.58333333333,79.7118847078533
"1785",1948.66666666667,79.9374312085383
"1786",1948.75,80.1551304413358
"1787",1948.83333333333,80.364046577278
"1788",1948.91666666667,80.5632437873971
"1789",1949,80.7517862427235
"1790",1949.08333333333,80.9289614218706
"1791",1949.16666666667,81.0949500337758
"1792",1949.25,81.2501560949563
"1793",1949.33333333333,81.3949836219306
"1794",1949.41666666667,81.5298366312172
"1795",1949.5,81.6551191393335
"1796",1949.58333333333,81.771235162798
"1797",1949.66666666667,81.878588718129
"1798",1949.75,81.9775838218441
"1799",1949.83333333333,82.0686244904617
"1800",1949.91666666667,82.1521147405001
"1801",1950,82.2284585884769
"1802",1950.08333333333,82.2980600509106
"1803",1950.16666666667,82.3613231443193
"1804",1950.25,82.4186518852208
"1805",1950.33333333333,82.4704502901334
"1806",1950.41666666667,82.5171223755753
"1807",1950.5,82.5590721580644
"1808",1950.58333333333,82.596703654119
"1809",1950.66666666667,82.6304208802571
"1810",1950.75,82.6606278529968
"1811",1950.83333333333,82.6877285888562
"1812",1950.91666666667,82.7121271043535
"1813",1951,82.7342274160067
"1814",1951.08333333333,82.7544229258761
"1815",1951.16666666667,82.7730645781912
"1816",1951.25,82.7904927027234
"1817",1951.33333333333,82.8070476292443
"1818",1951.41666666667,82.8230696875255
"1819",1951.5,82.8388992073385
"1820",1951.58333333333,82.8548765184549
"1821",1951.66666666667,82.8713419506463
"1822",1951.75,82.8886358336841
"1823",1951.83333333333,82.90709849734
"1824",1951.91666666667,82.9270702713856
"1825",1952,82.9488914855923
"1826",1952.08333333333,82.9729024697317
"1827",1952.16666666667,82.9994435535755
"1828",1952.25,83.028855066895
"1829",1952.33333333333,83.061477339462
"1830",1952.41666666667,83.097650701048
"1831",1952.5,83.1377154814245
"1832",1952.58333333333,83.182012010363
"1833",1952.66666666667,83.2308806176353
"1834",1952.75,83.2846616330126
"1835",1952.83333333333,83.3436953862668
"1836",1952.91666666667,83.4083222071694
"1837",1953,83.4788824254917
"1838",1953.08333333333,83.5557163710054
"1839",1953.16666666667,83.6391643734823
"1840",1953.25,83.7295667626935
"1841",1953.33333333333,83.8272638684109
"1842",1953.41666666667,83.9325960204062
"1843",1953.5,84.0459035484504
"1844",1953.58333333333,84.1675267823154
"1845",1953.66666666667,84.297806051773
"1846",1953.75,84.4370816865942
"1847",1953.83333333333,84.5856940165509
"1848",1953.91666666667,84.743983371415
"1849",1954,84.9122900809572
"1850",1954.08333333333,85.0907194347712
"1851",1954.16666666667,85.2784365617375
"1852",1954.25,85.4743715505567
"1853",1954.33333333333,85.6774544899308
"1854",1954.41666666667,85.8866154685623
"1855",1954.5,86.1007845751514
"1856",1954.58333333333,86.3188918984005
"1857",1954.66666666667,86.5398675270118
"1858",1954.75,86.7626415496857
"1859",1954.83333333333,86.9861440551244
"1860",1954.91666666667,87.2093051320303
"1861",1955,87.4310548691036
"1862",1955.08333333333,87.6503233550468
"1863",1955.16666666667,87.8660406785618
"1864",1955.25,88.0771369283493
"1865",1955.33333333333,88.2825421931116
"1866",1955.41666666667,88.4811865615506
"1867",1955.5,88.672000122367
"1868",1955.58333333333,88.8539129642631
"1869",1955.66666666667,89.0258551759408
"1870",1955.75,89.1867568461009
"1871",1955.83333333333,89.3355480634455
"1872",1955.91666666667,89.4711589166766
"1873",1956,89.592519494495
"1874",1956.08333333333,89.6990845064734
"1875",1956.16666666667,89.792407145666
"1876",1956.25,89.874565225997
"1877",1956.33333333333,89.9476365613911
"1878",1956.41666666667,90.0136989657731
"1879",1956.5,90.0748302530673
"1880",1956.58333333333,90.1331082371984
"1881",1956.66666666667,90.1906107320913
"1882",1956.75,90.2494155516701
"1883",1956.83333333333,90.3116005098596
"1884",1956.91666666667,90.3792434205845
"1885",1957,90.4544220977692
"1886",1957.08333333333,90.5392143553383
"1887",1957.16666666667,90.6356980072168
"1888",1957.25,90.7459508673286
"1889",1957.33333333333,90.8720507495987
"1890",1957.41666666667,91.016075467952
"1891",1957.5,91.1801028363123
"1892",1957.58333333333,91.3662106686047
"1893",1957.66666666667,91.5764767787542
"1894",1957.75,91.8129789806843
"1895",1957.83333333333,92.0777950883202
"1896",1957.91666666667,92.3730029155872
"1897",1958,92.7006802764084
"1898",1958.08333333333,93.0622621766325
"1899",1958.16666666667,93.456612389802
"1900",1958.25,93.8819518813793
"1901",1958.33333333333,94.3365016168301
"1902",1958.41666666667,94.8184825616205
"1903",1958.5,95.3261156812127
"1904",1958.58333333333,95.8576219410725
"1905",1958.66666666667,96.4112223066661
"1906",1958.75,96.9851377434553
"1907",1958.83333333333,97.5775892169062
"1908",1958.91666666667,98.1867976924853
"1909",1959,98.8109841356538
"1910",1959.08333333333,99.448369511878
"1911",1959.16666666667,100.097174786624
"1912",1959.25,100.755620925354
"1913",1959.33333333333,101.421928893534
"1914",1959.41666666667,102.09431965663
"1915",1959.5,102.771014180103
"1916",1959.58333333333,103.450233429421
"1917",1959.66666666667,104.130198370049
"1918",1959.75,104.809129967448
"1919",1959.83333333333,105.485249187085
"1920",1959.91666666667,106.156776994427
"1921",1960,106.821934354934
"1922",1960.08333333333,107.479186270065
"1923",1960.16666666667,108.127973885243
"1924",1960.25,108.767982381879
"1925",1960.33333333333,109.398896941387
"1926",1960.41666666667,110.020402745183
"1927",1960.5,110.632184974677
"1928",1960.58333333333,111.233928811284
"1929",1960.66666666667,111.82531943642
"1930",1960.75,112.406042031495
"1931",1960.83333333333,112.975781777923
"1932",1960.91666666667,113.53422385712
"1933",1961,114.081053450497
"1934",1961.08333333333,114.615955739469
"1935",1961.16666666667,115.13861590545
"1936",1961.25,115.648719129851
"1937",1961.33333333333,116.145950594087
"1938",1961.41666666667,116.629995479573
"1939",1961.5,117.100538967721
"1940",1961.58333333333,117.557266239944
"1941",1961.66666666667,117.999862477657
"1942",1961.75,118.428012862272
"1943",1961.83333333333,118.841402575204
"1944",1961.91666666667,119.239716797867
"1945",1962,119.622640711672
"1946",1962.08333333333,119.990025894042
"1947",1962.16666666667,120.34238950643
"1948",1962.25,120.680415106296
"1949",1962.33333333333,121.004786251101
"1950",1962.41666666667,121.316186498306
"1951",1962.5,121.615299405371
"1952",1962.58333333333,121.902808529756
"1953",1962.66666666667,122.179397428924
"1954",1962.75,122.445749660333
"1955",1962.83333333333,122.702548781444
"1956",1962.91666666667,122.95047834972
"1957",1963,123.190221922619
"1958",1963.08333333333,123.422463057602
"1959",1963.16666666667,123.647885312132
"1960",1963.25,123.867172243666
"1961",1963.33333333333,124.081007409667
"1962",1963.41666666667,124.290074367596
"1963",1963.5,124.495056674912
"1964",1963.58333333333,124.696637889076
"1965",1963.66666666667,124.89550156755
"1966",1963.75,125.092331267793
"1967",1963.83333333333,125.287810547266
"1968",1963.91666666667,125.48262296343
"1969",1964,125.677452073746
"1970",1964.08333333333,125.872981435673
"1971",1964.16666666667,126.069894606674
"1972",1964.25,126.268875144208
"1973",1964.33333333333,126.470606605736
"1974",1964.41666666667,126.675772548719
"1975",1964.5,126.885056530616
"1976",1964.58333333333,127.09914210889
"1977",1964.66666666667,127.318712841001
"1978",1964.75,127.544452284408
"1979",1964.83333333333,127.777043996573
"1980",1964.91666666667,128.017171534958
"1981",1965,128.26551845702
"1982",1965.08333333333,128.522513531045
"1983",1965.16666666667,128.787566368603
"1984",1965.25,129.059831792087
"1985",1965.33333333333,129.33846462389
"1986",1965.41666666667,129.622619686407
"1987",1965.5,129.911451802029
"1988",1965.58333333333,130.20411579315
"1989",1965.66666666667,130.499766482165
"1990",1965.75,130.797558691466
"1991",1965.83333333333,131.096647243445
"1992",1965.91666666667,131.396186960498
"1993",1966,131.695332665015
"1994",1966.08333333333,131.993239179392
"1995",1966.16666666667,132.289061326022
"1996",1966.25,132.581953927297
"1997",1966.33333333333,132.871071805611
"1998",1966.41666666667,133.155569783358
"1999",1966.5,133.434602682929
"2000",1966.58333333333,133.707325326719
"2001",1966.66666666667,133.972892537122
"2002",1966.75,134.23045913653
"2003",1966.83333333333,134.479179947336
"2004",1966.91666666667,134.718209791935
"2005",1967,134.946703492719
"2006",1967.08333333333,135.164074088192
"2007",1967.16666666667,135.370767481308
"2008",1967.25,135.567487791128
"2009",1967.33333333333,135.754939136717
"2010",1967.41666666667,135.933825637137
"2011",1967.5,136.104851411452
"2012",1967.58333333333,136.268720578724
"2013",1967.66666666667,136.426137258018
"2014",1967.75,136.577805568396
"2015",1967.83333333333,136.724429628921
"2016",1967.91666666667,136.866713558658
"2017",1968,137.005361476668
"2018",1968.08333333333,137.141077502015
"2019",1968.16666666667,137.274565753764
"2020",1968.25,137.406530350975
"2021",1968.33333333333,137.537675412714
"2022",1968.41666666667,137.668705058044
"2023",1968.5,137.800323406026
"2024",1968.58333333333,137.933234575725
"2025",1968.66666666667,138.068142686204
"2026",1968.75,138.205751856527
"2027",1968.83333333333,138.346766205755
"2028",1968.91666666667,138.491889852954
"2029",1969,138.641826917185
"2030",1969.08333333333,138.797078878437
"2031",1969.16666666667,138.957336660398
"2032",1969.25,139.122088547682
"2033",1969.33333333333,139.290822824901
"2034",1969.41666666667,139.463027776669
"2035",1969.5,139.638191687598
"2036",1969.58333333333,139.815802842302
"2037",1969.66666666667,139.995349525395
"2038",1969.75,140.176320021488
"2039",1969.83333333333,140.358202615195
"2040",1969.91666666667,140.54048559113
"2041",1970,140.722657233905
"2042",1970.08333333333,140.904205828134
"2043",1970.16666666667,141.084619658429
"2044",1970.25,141.263387009404
"2045",1970.33333333333,141.439996165672
"2046",1970.41666666667,141.613935411846
"2047",1970.5,141.784693032539
"2048",1970.58333333333,141.951757312365
"2049",1970.66666666667,142.114616535936
"2050",1970.75,142.272758987865
"2051",1970.83333333333,142.425672952766
"2052",1970.91666666667,142.572846715252
"2053",1971,142.713768559935
"2054",1971.08333333333,142.848122496715
"2055",1971.16666666667,142.976375436629
"2056",1971.25,143.099190015999
"2057",1971.33333333333,143.21722887115
"2058",1971.41666666667,143.331154638405
"2059",1971.5,143.441629954087
"2060",1971.58333333333,143.549317454517
"2061",1971.66666666667,143.654879776021
"2062",1971.75,143.758979554921
"2063",1971.83333333333,143.862279427539
"2064",1971.91666666667,143.9654420302
"2065",1972,144.069129999226
"2066",1972.08333333333,144.17400597094
"2067",1972.16666666667,144.280732581666
"2068",1972.25,144.389972467726
"2069",1972.33333333333,144.502388265444
"2070",1972.41666666667,144.618642611142
"2071",1972.5,144.739398141145
"2072",1972.58333333333,144.865317491774
"2073",1972.66666666667,144.997063299354
"2074",1972.75,145.135298200207
"2075",1972.83333333333,145.280684830656
"2076",1972.91666666667,145.433885827025
"2077",1973,145.595563825636
"2078",1973.08333333333,145.766196222508
"2079",1973.16666666667,145.94551945244
"2080",1973.25,146.133084709924
"2081",1973.33333333333,146.328443189457
"2082",1973.41666666667,146.531146085531
"2083",1973.5,146.74074459264
"2084",1973.58333333333,146.956789905278
"2085",1973.66666666667,147.17883321794
"2086",1973.75,147.406425725118
"2087",1973.83333333333,147.639118621307
"2088",1973.91666666667,147.876463101001
"2089",1974,148.118010358694
"2090",1974.08333333333,148.36331158888
"2091",1974.16666666667,148.611917986052
"2092",1974.25,148.863380744705
"2093",1974.33333333333,149.117251059332
"2094",1974.41666666667,149.373080124428
"2095",1974.5,149.630419134486
"2096",1974.58333333333,149.888819284
"2097",1974.66666666667,150.147831767464
"2098",1974.75,150.407007779372
"2099",1974.83333333333,150.665898514218
"2100",1974.91666666667,150.924055166497
"2101",1975,151.181028930701
"2102",1975.08333333333,151.436371001324
"2103",1975.16666666667,151.689632572862
"2104",1975.25,151.940364839807
"2105",1975.33333333333,152.188118996653
"2106",1975.41666666667,152.432446237895
"2107",1975.5,152.672897758026
"2108",1975.58333333333,152.909024751541
"2109",1975.66666666667,153.140378412933
"2110",1975.75,153.366509936695
"2111",1975.83333333333,153.586970517323
"2112",1975.91666666667,153.80131134931
"2113",1976,154.009083627149
"2114",1976.08333333333,154.20997615719
"2115",1976.16666666667,154.404228193198
"2116",1976.25,154.592216600794
"2117",1976.33333333333,154.7743182456
"2118",1976.41666666667,154.950909993235
"2119",1976.5,155.12236870932
"2120",1976.58333333333,155.289071259477
"2121",1976.66666666667,155.451394509325
"2122",1976.75,155.609715324486
"2123",1976.83333333333,155.76441057058
"2124",1976.91666666667,155.915857113229
"2125",1977,156.064431818052
"2126",1977.08333333333,156.21051155067
"2127",1977.16666666667,156.354473176705
"2128",1977.25,156.496693561777
"2129",1977.33333333333,156.637549571506
"2130",1977.41666666667,156.777418071513
"2131",1977.5,156.91667592742
"2132",1977.58333333333,157.055700004847
"2133",1977.66666666667,157.194867169414
"2134",1977.75,157.334554286742
"2135",1977.83333333333,157.475138222452
"2136",1977.91666666667,157.616995842166
"2137",1978,157.760504011502
"2138",1978.08333333333,157.905927503974
"2139",1978.16666666667,158.053082724659
"2140",1978.25,158.201673986524
"2141",1978.33333333333,158.351405602539
"2142",1978.41666666667,158.501981885672
"2143",1978.5,158.653107148891
"2144",1978.58333333333,158.804485705165
"2145",1978.66666666667,158.955821867462
"2146",1978.75,159.10681994875
"2147",1978.83333333333,159.257184261998
"2148",1978.91666666667,159.406619120174
"2149",1979,159.554828836247
"2150",1979.08333333333,159.701517723185
"2151",1979.16666666667,159.846390093957
"2152",1979.25,159.989150261531
"2153",1979.33333333333,160.129502538874
"2154",1979.41666666667,160.267151238957
"2155",1979.5,160.401800674747
"2156",1979.58333333333,160.533155159212
"2157",1979.66666666667,160.660919005322
"2158",1979.75,160.784796526043
"2159",1979.83333333333,160.904492034346
"2160",1979.91666666667,161.019709843198
"2161",1980,161.130154265567
"2162",1980.08333333333,161.235614407358
"2163",1980.16666666667,161.336218546215
"2164",1980.25,161.432179752718
"2165",1980.33333333333,161.523711097447
"2166",1980.41666666667,161.611025650984
"2167",1980.5,161.694336483907
"2168",1980.58333333333,161.773856666796
"2169",1980.66666666667,161.849799270233
"2170",1980.75,161.922377364797
"2171",1980.83333333333,161.991804021068
"2172",1980.91666666667,162.058292309627
"2173",1981,162.122055301053
"2174",1981.08333333333,162.183306065927
"2175",1981.16666666667,162.242257674829
"2176",1981.25,162.299123198339
"2177",1981.33333333333,162.354115707037
"2178",1981.41666666667,162.407448271503
"2179",1981.5,162.459333962317
"2180",1981.58333333333,162.509985850061
"2181",1981.66666666667,162.559617005313
"2182",1981.75,162.608440498653
"2183",1981.83333333333,162.656669400663
"2184",1981.91666666667,162.704516781922
"2185",1982,162.75219571301
"2186",1982.08333333333,162.799890717184
"2187",1982.16666666667,162.847672128414
"2188",1982.25,162.895581733345
"2189",1982.33333333333,162.943661318622
"2190",1982.41666666667,162.99195267089
"2191",1982.5,163.040497576796
"2192",1982.58333333333,163.089337822986
"2193",1982.66666666667,163.138515196103
"2194",1982.75,163.188071482795
"2195",1982.83333333333,163.238048469707
"2196",1982.91666666667,163.288487943485
"2197",1983,163.339431690773
"2198",1983.08333333333,163.390921498219
"2199",1983.16666666667,163.442999152466
"2200",1983.25,163.495706440162
"2201",1983.33333333333,163.549085147951
"2202",1983.41666666667,163.603177062479
"2203",1983.5,163.658023970392
"2204",1983.58333333333,163.713667658336
"2205",1983.66666666667,163.770149912955
"2206",1983.75,163.827512520896
"2207",1983.83333333333,163.885797268805
"2208",1983.91666666667,163.945045943326
"2209",1984,164.005300331106
"2210",1984.08333333333,164.066550820654
"2211",1984.16666666667,164.128582207943
"2212",1984.25,164.191127890806
"2213",1984.33333333333,164.253921267081
"2214",1984.41666666667,164.316695734602
"2215",1984.5,164.379184691205
"2216",1984.58333333333,164.441121534726
"2217",1984.66666666667,164.502239663
"2218",1984.75,164.562272473864
"2219",1984.83333333333,164.620953365151
"2220",1984.91666666667,164.6780157347
"2221",1985,164.733192980344
"2222",1985.08333333333,164.786218499919
"2223",1985.16666666667,164.836825691262
"2224",1985.25,164.884747952207
"2225",1985.33333333333,164.92971868059
"2226",1985.41666666667,164.971471274248
"2227",1985.5,165.009739131014
"2228",1985.58333333333,165.044255648726
"2229",1985.66666666667,165.074754225219
"2230",1985.75,165.100968258328
"2231",1985.83333333333,165.12263114589
"2232",1985.91666666667,165.139476285738
"2233",1986,165.15123707571
"2234",1986.08333333333,165.157646913641
"2235",1986.16666666667,165.158439197367
"2236",1986.25,165.153347324722
"2237",1986.33333333333,165.142104693543
"2238",1986.41666666667,165.124444701665
"2239",1986.5,165.100100746925
"2240",1986.58333333333,165.068806227157
"2241",1986.66666666667,165.030294540197
"2242",1986.75,164.98429908388
"2243",1986.83333333333,164.930553256044
"2244",1986.91666666667,164.868790454522
"2245",1987,164.79874407715
"2246",1987.08333333333,164.720531249393
"2247",1987.16666666667,164.635804007223
"2248",1987.25,164.546598114243
"2249",1987.33333333333,164.454949334053
"2250",1987.41666666667,164.362893430254
"2251",1987.5,164.272466166449
"2252",1987.58333333333,164.185703306239
"2253",1987.66666666667,164.104640613224
"2254",1987.75,164.031313851007
"2255",1987.83333333333,163.967758783189
"2256",1987.91666666667,163.916011173371
"2257",1988,163.878106785155
"2258",1988.08333333333,163.856081382142
"2259",1988.16666666667,163.851970727933
"2260",1988.25,163.86781058613
"2261",1988.33333333333,163.905636720335
"2262",1988.41666666667,163.967484894148
"2263",1988.5,164.055390871171
"2264",1988.58333333333,164.171390415006
"2265",1988.66666666667,164.317519289254
"2266",1988.75,164.495813257516
"2267",1988.83333333333,164.708308083394
"2268",1988.91666666667,164.957039530489
"2269",1989,165.244043362402
"2270",1989.08333333333,165.570612232411
"2271",1989.16666666667,165.935066352497
"2272",1989.25,166.334982824316
"2273",1989.33333333333,166.767938749525
"2274",1989.41666666667,167.231511229783
"2275",1989.5,167.723277366743
"2276",1989.58333333333,168.240814262064
"2277",1989.66666666667,168.781699017404
"2278",1989.75,169.343508734416
"2279",1989.83333333333,169.92382051476
"2280",1989.91666666667,170.520211460092
"2281",1990,171.130258672068
"2282",1990.08333333333,171.751539252346
"2283",1990.16666666667,172.381630302583
"2284",1990.25,173.018108924433
"2285",1990.33333333333,173.658552219556
"2286",1990.41666666667,174.300537289608
"2287",1990.5,174.941641236244
"2288",1990.58333333333,175.579441161123
"2289",1990.66666666667,176.211514165902
"2290",1990.75,176.835437352235
"2291",1990.83333333333,177.44878782178
"2292",1990.91666666667,178.049142676197
"2293",1991,178.634079017138
"2294",1991.08333333333,179.201605671021
"2295",1991.16666666667,179.751458363302
"2296",1991.25,180.283804544192
"2297",1991.33333333333,180.798811663905
"2298",1991.41666666667,181.296647172656
"2299",1991.5,181.777478520656
"2300",1991.58333333333,182.24147315812
"2301",1991.66666666667,182.688798535263
"2302",1991.75,183.119622102295
"2303",1991.83333333333,183.534111309431
"2304",1991.91666666667,183.932433606886
"2305",1992,184.314756444871
"2306",1992.08333333333,184.681247273601
"2307",1992.16666666667,185.03207354329
"2308",1992.25,185.36740270415
"2309",1992.33333333333,185.687402206395
"2310",1992.41666666667,185.992239500239
"2311",1992.5,186.282082035895
"2312",1992.58333333333,186.557097263576
"2313",1992.66666666667,186.817452633497
"2314",1992.75,187.06331559587
"2315",1992.83333333333,187.294853600909
"2316",1992.91666666667,187.512234098828
"2317",1993,187.715624539839
"2318",1993.08333333333,187.905265127388
"2319",1993.16666666667,188.081687077844
"2320",1993.25,188.245494360806
"2321",1993.33333333333,188.397290945874
"2322",1993.41666666667,188.537680802648
"2323",1993.5,188.667267900728
"2324",1993.58333333333,188.786656209714
"2325",1993.66666666667,188.896449699207
"2326",1993.75,188.997252338804
"2327",1993.83333333333,189.089668098108
"2328",1993.91666666667,189.174300946718
"2329",1994,189.251754854232
"2330",1994.08333333333,189.322633790253
"2331",1994.16666666667,189.387541724379
"2332",1994.25,189.44708262621
"2333",1994.33333333333,189.501860465346
"2334",1994.41666666667,189.552479211388
"2335",1994.5,189.599542833934
"2336",1994.58333333333,189.643655302586
"2337",1994.66666666667,189.685420586943
"2338",1994.75,189.725442656604
"2339",1994.83333333333,189.76432548117
"2340",1994.91666666667,189.802673030241
"2341",1995,189.841089273416
"2342",1995.08333333333,189.880063290576
"2343",1995.16666666667,189.919624602714
"2344",1995.25,189.959687841108
"2345",1995.33333333333,190.000167637031
"2346",1995.41666666667,190.040978621759
"2347",1995.5,190.082035426566
"2348",1995.58333333333,190.123252682728
"2349",1995.66666666667,190.164545021521
"2350",1995.75,190.205827074218
"2351",1995.83333333333,190.247013472095
"2352",1995.91666666667,190.288018846427
"2353",1996,190.328757828489
"2354",1996.08333333333,190.369145049557
"2355",1996.16666666667,190.409095140904
"2356",1996.25,190.448522733807
"2357",1996.33333333333,190.48734245954
"2358",1996.41666666667,190.525468949379
"2359",1996.5,190.562816834598
"2360",1996.58333333333,190.599300746472
"2361",1996.66666666667,190.634835316277
"2362",1996.75,190.669335175287
"2363",1996.83333333333,190.702714954778
"2364",1996.91666666667,190.734889286024
"2365",1997,190.765772800302
"2366",1997.08333333333,190.795280128885
"2367",1997.16666666667,190.823325903048
"2368",1997.25,190.849824754068
"2369",1997.33333333333,190.874691313219
"2370",1997.41666666667,190.897840211775
"2371",1997.5,190.919186081013
"2372",1997.58333333333,190.938643552206
"2373",1997.66666666667,190.956127256631
"2374",1997.75,190.971551825562
"2375",1997.83333333333,190.984831890274
"2376",1997.91666666667,190.995882082042
"2377",1998,191.004617032142
"2378",1998.08333333333,191.011002848817
"2379",1998.16666666667,191.01521154819
"2380",1998.25,191.017466623351
"2381",1998.33333333333,191.017991567391
"2382",1998.41666666667,191.017009873401
"2383",1998.5,191.014745034472
"2384",1998.58333333333,191.011420543696
"2385",1998.66666666667,191.007259894162
"2386",1998.75,191.002486578963
"2387",1998.83333333333,190.997324091188
"2388",1998.91666666667,190.99199592393
"2389",1999,190.986725570278
"2390",1999.08333333333,190.981736523324
"2391",1999.16666666667,190.977252276159
"2392",1999.25,190.973496321873
"2393",1999.33333333333,190.970692153558
"2394",1999.41666666667,190.969063264305
"2395",1999.5,190.968833147204
"2396",1999.58333333333,190.970225295347
"2397",1999.66666666667,190.973463201824
"2398",1999.75,190.978770359727
"2399",1999.83333333333,190.986370262146
"2400",1999.91666666667,190.996486402172
"2401",2000,191.009342272897
"2402",2000.08333333333,191.025087191239
"2403",2000.16666666667,191.04357376943
"2404",2000.25,191.06458044353
"2405",2000.33333333333,191.087885649598
"2406",2000.41666666667,191.113267823694
"2407",2000.5,191.140505401878
"2408",2000.58333333333,191.16937682021
"2409",2000.66666666667,191.199660514749
"2410",2000.75,191.231134921555
"2411",2000.83333333333,191.263578476688
"2412",2000.91666666667,191.296769616207
"2413",2001,191.330486776173
"2414",2001.08333333333,191.364508392644
"2415",2001.16666666667,191.398612901681
"2416",2001.25,191.432578739344
"2417",2001.33333333333,191.466184341692
"2418",2001.41666666667,191.499208144784
"2419",2001.5,191.531428584681
"2420",2001.58333333333,191.562624097443
"2421",2001.66666666667,191.592573119129
"2422",2001.75,191.621054085798
"2423",2001.83333333333,191.647845433511
"2424",2001.91666666667,191.672725598327
"2425",2002,191.695473016306
"2426",2002.08333333333,191.715943072919
"2427",2002.16666666667,191.734298951287
"2428",2002.25,191.75078078394
"2429",2002.33333333333,191.765628703411
"2430",2002.41666666667,191.77908284223
"2431",2002.5,191.791383332929
"2432",2002.58333333333,191.802770308039
"2433",2002.66666666667,191.813483900092
"2434",2002.75,191.82376424162
"2435",2002.83333333333,191.833851465153
"2436",2002.91666666667,191.843985703224
"2437",2003,191.854407088363
"2438",2003.08333333333,191.865355753102
"2439",2003.16666666667,191.877071829973
"2440",2003.25,191.889795451507
"2441",2003.33333333333,191.903766750236
"2442",2003.41666666667,191.919225858691
"2443",2003.5,191.936412909403
"2444",2003.58333333333,191.955568034904
"2445",2003.66666666667,191.976931367726
"2446",2003.75,192.000743040399
"2447",2003.83333333333,192.027243185455
"2448",2003.91666666667,192.056671935427
"2449",2004,192.089269422844
"2450",2004.08333333333,192.125182377115
"2451",2004.16666666667,192.164183915154
"2452",2004.25,192.205953750747
"2453",2004.33333333333,192.250171597685
"2454",2004.41666666667,192.296517169757
"2455",2004.5,192.344670180752
"2456",2004.58333333333,192.394310344458
"2457",2004.66666666667,192.445117374665
"2458",2004.75,192.496770985161
"2459",2004.83333333333,192.548950889735
"2460",2004.91666666667,192.601336802177
"2461",2005,192.653608436276
"2462",2005.08333333333,192.70544550582
"2463",2005.16666666667,192.756527724599
"2464",2005.25,192.806534806401
"2465",2005.33333333333,192.855146465015
"2466",2005.41666666667,192.902042414231
"2467",2005.5,192.946902367838
"2468",2005.58333333333,192.989406039623
"2469",2005.66666666667,193.029233143378
"2470",2005.75,193.066063392889
"2471",2005.83333333333,193.099576501947
"2472",2005.91666666667,193.12945218434
"2473",2006,193.155370153858
"2474",2006.08333333333,193.177100509817
"2475",2006.16666666667,193.194774893653
"2476",2006.25,193.208615332326
"2477",2006.33333333333,193.218843852799
"2478",2006.41666666667,193.225682482035
"2479",2006.5,193.229353246996
"2480",2006.58333333333,193.230078174643
"2481",2006.66666666667,193.22807929194
"2482",2006.75,193.223578625849
"2483",2006.83333333333,193.216798203331
"2484",2006.91666666667,193.20796005135
"2485",2007,193.197286196867
"2486",2007.08333333333,193.184998666845
"2487",2007.16666666667,193.171319488246
"2488",2007.25,193.156470688033
"2489",2007.33333333333,193.140674293167
"2490",2007.41666666667,193.124152330611
"2491",2007.5,193.107126827327
"2492",2007.58333333333,193.089819810278
"2493",2007.66666666667,193.072453306426
"2494",2007.75,193.055249342732
"2495",2007.83333333333,193.03842994616
"2496",2007.91666666667,193.022217143672
"2497",2008,193.00683296223
"2498",2008.08333333333,192.992499428796
"2499",2008.16666666667,192.979438570333
"2500",2008.25,192.967872413802
"2501",2008.33333333333,192.958022986167
"2502",2008.41666666667,192.950112314389
"2503",2008.5,192.944362425431
"2504",2008.58333333333,192.940995346254
"2505",2008.66666666667,192.940233103822
"2506",2008.75,192.942297725097
"2507",2008.83333333333,192.947411237041
"2508",2008.91666666667,192.955795666615
"2509",2009,192.967673040784
"2510",2009.08333333333,192.983201544356
"2511",2009.16666666667,193.002283993537
"2512",2009.25,193.024759362379
"2513",2009.33333333333,193.050466624935
"2514",2009.41666666667,193.079244755258
"2515",2009.5,193.110932727401
"2516",2009.58333333333,193.145369515416
"2517",2009.66666666667,193.182394093357
"2518",2009.75,193.221845435276
"2519",2009.83333333333,193.263562515225
"2520",2009.91666666667,193.307384307258
"2521",2010,193.353149785427
"2522",2010.08333333333,193.400697923786
"2523",2010.16666666667,193.449867696387
"2524",2010.25,193.500498077282
"2525",2010.33333333333,193.552428040525
"2526",2010.41666666667,193.605496560168
"2527",2010.5,193.659542610264
"2528",2010.58333333333,193.714405164866
"2529",2010.66666666667,193.769923198027
"2530",2010.75,193.825935683799
"2531",2010.83333333333,193.882281596236
"2532",2010.91666666667,193.93879990939
"2533",2011,193.995329597313
"2534",2011.08333333333,194.051716997274
"2535",2011.16666666667,194.107837899404
"2536",2011.25,194.163575457048
"2537",2011.33333333333,194.218812823551
"2538",2011.41666666667,194.273433152261
"2539",2011.5,194.327319596521
"2540",2011.58333333333,194.380355309678
"2541",2011.66666666667,194.432423445077
"2542",2011.75,194.483407156065
"2543",2011.83333333333,194.533189595987
"2544",2011.91666666667,194.581653918189
"2545",2012,194.628683276015
"2546",2012.08333333333,194.674160822814
"2547",2012.16666666667,194.717969711929
"2548",2012.25,194.759993096706
"2549",2012.33333333333,194.800114130492
"2550",2012.41666666667,194.838215966632
"2551",2012.5,194.874181758471
"2552",2012.58333333333,194.907894659356
"2553",2012.66666666667,194.939237822632
"2554",2012.75,194.968094401644
"2555",2012.83333333333,194.994347549739
"2556",2012.91666666667,195.017880420263
"2557",2013,195.03857616656
"2558",2013.08333333333,195.056363645263
"2559",2013.16666666667,195.071354526144
"2560",2013.25,195.083706182263
"2561",2013.33333333333,195.093575986679
"2562",2013.41666666667,195.10112131245
"2563",2013.5,195.106499532637
"2564",2013.58333333333,195.109868020297
"2565",2013.66666666667,195.11138414849
"2566",2013.75,195.111205290275
"2567",2013.83333333333,195.109488818711
"2568",2013.91666666667,195.106392106857
"2569",2014,195.102072527773
"2570",2014.08333333333,195.096687454516
"2571",2014.16666666667,195.090394260146
"2572",2014.25,195.083350317723
"2573",2014.33333333333,195.075713000305
"2574",2014.41666666667,195.067639680951
"2575",2014.5,195.059287732721
"2576",2014.58333333333,195.050814528672
"2577",2014.66666666667,195.042377441866
"2578",2014.75,195.034133845359
"2579",2014.83333333333,195.026241112212
"2580",2014.91666666667,195.018856615484
"2581",2015,195.012137728233
"2582",2015.08333333333,195.006208596017
"2583",2015.16666666667,195.001060454385
"2584",2015.25,194.996651311386
"2585",2015.33333333333,194.992939175066
"2586",2015.41666666667,194.989882053475
"2587",2015.5,194.987437954659
"2588",2015.58333333333,194.985564886667
"2589",2015.66666666667,194.984220857546
"2590",2015.75,194.983363875344
"2591",2015.83333333333,194.982951948109
"2592",2015.91666666667,194.982943083889
"2593",2016,194.983295290732
"2594",2016.08333333333,194.983966576685
"2595",2016.16666666667,194.984914949796
"2596",2016.25,194.986098418114
"2597",2016.33333333333,194.987474989686
"2598",2016.41666666667,194.989002672559
"2599",2016.5,194.990639474782
"2600",2016.58333333333,194.992343404403
"2601",2016.66666666667,194.994072469468
"2602",2016.75,194.995784678027
"2603",2016.83333333333,194.997438038127
"2604",2016.91666666667,194.998990557815
"2605",2017,195.00040024514
"2606",2017.08333333333,195.001633607306
"2607",2017.16666666667,195.00269114814
"2608",2017.25,195.003581870628
"2609",2017.33333333333,195.004314777754
"2610",2017.41666666667,195.004898872502
"2611",2017.5,195.005343157857
"2612",2017.58333333333,195.005656636803
"2613",2017.66666666667,195.005848312325
"2614",2017.75,195.005927187407
"2615",2017.83333333333,195.005902265035
"2616",2017.91666666667,195.005782548191
"2617",2018,195.005577039861
"2618",2018.08333333333,195.00529474303
"2619",2018.16666666667,195.004944660682
"2620",2018.25,195.0045357958
"2621",2018.33333333333,195.004077151371
"2622",2018.41666666667,195.003577730377
"2623",2018.5,195.003046535805
"2624",2018.58333333333,195.002492570638
"2625",2018.66666666667,195.00192483786
"2626",2018.75,195.001352340457
"2627",2018.83333333333,195.000784081412
"2628",2018.91666666667,195.000229063711
"2629",2019,194.999696290337
"2630",2019.08333333333,194.999194764276
"2631",2019.16666666667,194.998733488511
"2632",2019.25,194.998321466028
"2633",2019.33333333333,194.99796769981
"2634",2019.41666666667,194.997681192842
"2635",2019.5,194.997470948109
"2636",2019.58333333333,194.997345968595
"2637",2019.66666666667,194.997315257285
"2638",2019.75,194.997387817163
"2639",2019.83333333333,194.997572651213
"2640",2019.91666666667,194.997878762421
"2641",2020,194.99831515377
