date,person_injured
07/01/2012,166
07/02/2012,175
07/03/2012,210
07/04/2012,156
07/05/2012,138
07/06/2012,179
07/07/2012,165
07/08/2012,137
07/09/2012,150
07/10/2012,149
07/11/2012,164
07/12/2012,155
07/13/2012,163
07/14/2012,175
07/15/2012,150
07/16/2012,158
07/17/2012,183
07/18/2012,116
07/19/2012,145
07/20/2012,175
07/21/2012,176
07/22/2012,178
07/23/2012,141
07/24/2012,111
07/25/2012,172
07/26/2012,161
07/27/2012,165
07/28/2012,175
07/29/2012,104
07/30/2012,140
07/31/2012,123
08/01/2012,150
08/02/2012,156
08/03/2012,145
08/04/2012,146
08/05/2012,173
08/06/2012,150
08/07/2012,143
08/08/2012,133
08/09/2012,163
08/10/2012,165
08/11/2012,155
08/12/2012,150
08/13/2012,142
08/14/2012,142
08/15/2012,151
08/16/2012,154
08/17/2012,165
08/18/2012,149
08/19/2012,146
08/20/2012,141
08/21/2012,129
08/22/2012,145
08/23/2012,177
08/24/2012,150
08/25/2012,146
08/26/2012,153
08/27/2012,166
08/28/2012,142
08/29/2012,128
08/30/2012,179
08/31/2012,217
09/01/2012,144
09/02/2012,150
09/03/2012,125
09/04/2012,186
09/05/2012,155
09/06/2012,151
09/07/2012,207
09/08/2012,197
09/09/2012,145
09/10/2012,172
09/11/2012,127
09/12/2012,154
09/13/2012,172
09/14/2012,165
09/15/2012,155
09/16/2012,125
09/17/2012,114
09/18/2012,178
09/19/2012,165
09/20/2012,132
09/21/2012,201
09/22/2012,161
09/23/2012,147
09/24/2012,151
09/25/2012,180
09/26/2012,104
09/27/2012,159
09/28/2012,188
09/29/2012,134
09/30/2012,145
10/01/2012,162
10/02/2012,191
10/03/2012,120
10/04/2012,120
10/05/2012,189
10/06/2012,132
10/07/2012,186
10/08/2012,122
10/09/2012,142
10/10/2012,187
10/11/2012,145
10/12/2012,150
10/13/2012,143
10/14/2012,173
10/15/2012,141
10/16/2012,172
10/17/2012,163
10/18/2012,141
10/19/2012,201
10/20/2012,188
10/21/2012,139
10/22/2012,149
10/23/2012,127
10/24/2012,114
10/25/2012,159
10/26/2012,166
10/27/2012,143
10/28/2012,131
10/29/2012,76
10/30/2012,88
10/31/2012,112
11/01/2012,121
11/02/2012,84
11/03/2012,85
11/04/2012,94
11/05/2012,130
11/06/2012,120
11/07/2012,200
11/08/2012,99
11/09/2012,150
11/10/2012,107
11/11/2012,141
11/12/2012,129
11/13/2012,169
11/14/2012,135
11/15/2012,129
11/16/2012,148
11/17/2012,143
11/18/2012,126
11/19/2012,139
11/20/2012,180
11/21/2012,186
11/22/2012,112
11/23/2012,136
11/24/2012,127
11/25/2012,120
11/26/2012,174
11/27/2012,134
11/28/2012,112
11/29/2012,125
11/30/2012,140
12/01/2012,128
12/02/2012,121
12/03/2012,140
12/04/2012,175
12/05/2012,120
12/06/2012,149
12/07/2012,203
12/08/2012,179
12/09/2012,192
12/10/2012,156
12/11/2012,147
12/12/2012,150
12/13/2012,131
12/14/2012,161
12/15/2012,151
12/16/2012,170
12/17/2012,178
12/18/2012,153
12/19/2012,132
12/20/2012,169
12/21/2012,199
12/22/2012,134
12/23/2012,110
12/24/2012,163
12/25/2012,122
12/26/2012,148
12/27/2012,113
12/28/2012,133
12/29/2012,131
12/30/2012,135
12/31/2012,98
01/01/2013,157
01/02/2013,123
01/03/2013,125
01/04/2013,97
01/05/2013,111
01/06/2013,109
01/07/2013,146
01/08/2013,119
01/09/2013,120
01/10/2013,146
01/11/2013,212
01/12/2013,144
01/13/2013,126
01/14/2013,124
01/15/2013,109
01/16/2013,148
01/17/2013,134
01/18/2013,141
01/19/2013,125
01/20/2013,99
01/21/2013,85
01/22/2013,136
01/23/2013,110
01/24/2013,135
01/25/2013,156
01/26/2013,156
01/27/2013,135
01/28/2013,131
01/29/2013,144
01/30/2013,114
01/31/2013,126
02/01/2013,140
02/02/2013,141
02/03/2013,105
02/04/2013,116
02/05/2013,157
02/06/2013,152
02/07/2013,126
02/08/2013,148
02/09/2013,47
02/10/2013,80
02/11/2013,131
02/12/2013,114
02/13/2013,175
02/14/2013,147
02/15/2013,173
02/16/2013,122
02/17/2013,125
02/18/2013,90
02/19/2013,132
02/20/2013,102
02/21/2013,130
02/22/2013,127
02/23/2013,136
02/24/2013,111
02/25/2013,105
02/26/2013,159
02/27/2013,160
02/28/2013,111
03/01/2013,128
03/02/2013,129
03/03/2013,147
03/04/2013,142
03/05/2013,154
03/06/2013,101
03/07/2013,153
03/08/2013,180
03/09/2013,158
03/10/2013,113
03/11/2013,130
03/12/2013,135
03/13/2013,149
03/14/2013,126
03/15/2013,119
03/16/2013,152
03/17/2013,116
03/18/2013,121
03/19/2013,135
03/20/2013,121
03/21/2013,135
03/22/2013,148
03/23/2013,139
03/24/2013,128
03/25/2013,146
03/26/2013,91
03/27/2013,89
03/28/2013,161
03/29/2013,144
03/30/2013,142
03/31/2013,155
04/01/2013,96
04/02/2013,84
04/03/2013,140
04/04/2013,155
04/05/2013,149
04/06/2013,154
04/07/2013,158
04/08/2013,148
04/09/2013,166
04/10/2013,163
04/11/2013,117
04/12/2013,203
04/13/2013,170
04/14/2013,139
04/15/2013,161
04/16/2013,160
04/17/2013,161
04/18/2013,113
04/19/2013,154
04/20/2013,150
04/21/2013,127
04/22/2013,105
04/23/2013,137
04/24/2013,160
04/25/2013,185
04/26/2013,152
04/27/2013,172
04/28/2013,172
04/29/2013,161
04/30/2013,125
05/01/2013,185
05/02/2013,161
05/03/2013,181
05/04/2013,169
05/05/2013,177
05/06/2013,159
05/07/2013,156
05/08/2013,165
05/09/2013,155
05/10/2013,190
05/11/2013,188
05/12/2013,161
05/13/2013,132
05/14/2013,112
05/15/2013,90
05/16/2013,144
05/17/2013,182
05/18/2013,155
05/19/2013,152
05/20/2013,175
05/21/2013,174
05/22/2013,131
05/23/2013,190
05/24/2013,202
05/25/2013,155
05/26/2013,167
05/27/2013,159
05/28/2013,163
05/29/2013,150
05/30/2013,176
05/31/2013,169
06/01/2013,181
06/02/2013,130
06/03/2013,166
06/04/2013,188
06/05/2013,142
06/06/2013,199
06/07/2013,232
06/08/2013,150
06/09/2013,190
06/10/2013,164
06/11/2013,154
06/12/2013,172
06/13/2013,140
06/14/2013,211
06/15/2013,163
06/16/2013,158
06/17/2013,187
06/18/2013,142
06/19/2013,187
06/20/2013,177
06/21/2013,181
06/22/2013,197
06/23/2013,157
06/24/2013,173
06/25/2013,198
06/26/2013,141
06/27/2013,175
06/28/2013,165
06/29/2013,184
06/30/2013,106
07/01/2013,182
07/02/2013,139
07/03/2013,168
07/04/2013,164
07/05/2013,203
07/06/2013,162
07/07/2013,147
07/08/2013,127
07/09/2013,136
07/10/2013,148
07/11/2013,161
07/12/2013,167
07/13/2013,174
07/14/2013,146
07/15/2013,171
07/16/2013,159
07/17/2013,163
07/18/2013,169
07/19/2013,167
07/20/2013,187
07/21/2013,168
07/22/2013,191
07/23/2013,164
07/24/2013,162
07/25/2013,147
07/26/2013,182
07/27/2013,157
07/28/2013,195
07/29/2013,146
07/30/2013,160
07/31/2013,175
08/01/2013,175
08/02/2013,157
08/03/2013,167
08/04/2013,155
08/05/2013,158
08/06/2013,184
08/07/2013,101
08/08/2013,150
08/09/2013,157
08/10/2013,159
08/11/2013,152
08/12/2013,137
08/13/2013,135
08/14/2013,184
08/15/2013,166
08/16/2013,204
08/17/2013,159
08/18/2013,141
08/19/2013,136
08/20/2013,164
08/21/2013,157
08/22/2013,153
08/23/2013,171
08/24/2013,182
08/25/2013,133
08/26/2013,160
08/27/2013,129
08/28/2013,123
08/29/2013,164
08/30/2013,169
08/31/2013,169
09/01/2013,184
09/02/2013,160
09/03/2013,162
09/04/2013,198
09/05/2013,124
09/06/2013,164
09/07/2013,172
09/08/2013,182
09/09/2013,199
09/10/2013,176
09/11/2013,135
09/12/2013,186
09/13/2013,155
09/14/2013,147
09/15/2013,164
09/16/2013,127
09/17/2013,197
09/18/2013,161
09/19/2013,149
09/20/2013,191
09/21/2013,184
09/22/2013,203
09/23/2013,191
09/24/2013,184
09/25/2013,124
09/26/2013,112
09/27/2013,147
09/28/2013,172
09/29/2013,153
09/30/2013,191
10/01/2013,155
10/02/2013,190
10/03/2013,150
10/04/2013,168
10/05/2013,128
10/06/2013,124
10/07/2013,152
10/08/2013,124
10/09/2013,140
10/10/2013,138
10/11/2013,162
10/12/2013,158
10/13/2013,146
10/14/2013,141
10/15/2013,184
10/16/2013,134
10/17/2013,123
10/18/2013,192
10/19/2013,153
10/20/2013,142
10/21/2013,191
10/22/2013,152
10/23/2013,156
10/24/2013,170
10/25/2013,142
10/26/2013,236
10/27/2013,149
10/28/2013,176
10/29/2013,156
10/30/2013,155
10/31/2013,155
11/01/2013,209
11/02/2013,168
11/03/2013,138
11/04/2013,158
11/05/2013,136
11/06/2013,161
11/07/2013,151
11/08/2013,155
11/09/2013,148
11/10/2013,103
11/11/2013,114
11/12/2013,151
11/13/2013,168
11/14/2013,161
11/15/2013,182
11/16/2013,170
11/17/2013,187
11/18/2013,169
11/19/2013,155
11/20/2013,147
11/21/2013,152
11/22/2013,156
11/23/2013,185
11/24/2013,124
11/25/2013,165
11/26/2013,243
11/27/2013,214
11/28/2013,124
11/29/2013,86
11/30/2013,125
12/01/2013,115
12/02/2013,148
12/03/2013,135
12/04/2013,142
12/05/2013,157
12/06/2013,202
12/07/2013,166
12/08/2013,134
12/09/2013,144
12/10/2013,135
12/11/2013,166
12/12/2013,142
12/13/2013,161
12/14/2013,140
12/15/2013,102
12/16/2013,133
12/17/2013,144
12/18/2013,123
12/19/2013,153
12/20/2013,164
12/21/2013,168
12/22/2013,168
12/23/2013,155
12/24/2013,135
12/25/2013,80
12/26/2013,100
12/27/2013,106
12/28/2013,121
12/29/2013,107
12/30/2013,117
12/31/2013,122
01/01/2014,165
01/02/2014,121
01/03/2014,46
01/04/2014,91
01/05/2014,63
01/06/2014,111
01/07/2014,119
01/08/2014,155
01/09/2014,100
01/10/2014,191
01/11/2014,157
01/12/2014,96
01/13/2014,164
01/14/2014,186
01/15/2014,118
01/16/2014,141
01/17/2014,139
01/18/2014,130
01/19/2014,134
01/20/2014,72
01/21/2014,168
01/22/2014,76
01/23/2014,113
01/24/2014,167
01/25/2014,110
01/26/2014,129
01/27/2014,104
01/28/2014,125
01/29/2014,167
01/30/2014,157
01/31/2014,106
02/01/2014,150
02/02/2014,114
02/03/2014,159
02/04/2014,130
02/05/2014,53
02/06/2014,92
02/07/2014,116
02/08/2014,74
02/09/2014,87
02/10/2014,143
02/11/2014,110
02/12/2014,112
02/13/2014,86
02/14/2014,115
02/15/2014,79
02/16/2014,72
02/17/2014,94
02/18/2014,111
02/19/2014,110
02/20/2014,90
02/21/2014,120
02/22/2014,140
02/23/2014,141
02/24/2014,121
02/25/2014,93
02/26/2014,114
02/27/2014,128
02/28/2014,152
03/01/2014,144
03/02/2014,74
03/03/2014,93
03/04/2014,110
03/05/2014,116
03/06/2014,122
03/07/2014,108
03/08/2014,139
03/09/2014,112
03/10/2014,147
03/11/2014,120
03/12/2014,114
03/13/2014,110
03/14/2014,135
03/15/2014,120
03/16/2014,100
03/17/2014,127
03/18/2014,121
03/19/2014,128
03/20/2014,134
03/21/2014,165
03/22/2014,124
03/23/2014,126
03/24/2014,126
03/25/2014,115
03/26/2014,130
03/27/2014,133
03/28/2014,124
03/29/2014,181
03/30/2014,125
03/31/2014,132
04/01/2014,102
04/02/2014,130
04/03/2014,125
04/04/2014,130
04/05/2014,150
04/06/2014,132
04/07/2014,156
04/08/2014,130
04/09/2014,150
04/10/2014,150
04/11/2014,136
04/12/2014,180
04/13/2014,146
04/14/2014,164
04/15/2014,117
04/16/2014,149
04/17/2014,97
04/18/2014,97
04/19/2014,150
04/20/2014,108
04/21/2014,111
04/22/2014,119
04/23/2014,117
04/24/2014,138
04/25/2014,142
04/26/2014,128
04/27/2014,164
04/28/2014,147
04/29/2014,117
04/30/2014,166
05/01/2014,171
05/02/2014,162
05/03/2014,153
05/04/2014,139
05/05/2014,159
05/06/2014,148
05/07/2014,154
05/08/2014,131
05/09/2014,123
05/10/2014,153
05/11/2014,165
05/12/2014,150
05/13/2014,128
05/14/2014,173
05/15/2014,176
05/16/2014,159
05/17/2014,143
05/18/2014,143
05/19/2014,151
05/20/2014,179
05/21/2014,117
05/22/2014,127
05/23/2014,185
05/24/2014,148
05/25/2014,147
05/26/2014,130
05/27/2014,162
05/28/2014,82
05/29/2014,185
05/30/2014,164
05/31/2014,153
06/01/2014,187
06/02/2014,164
06/03/2014,131
06/04/2014,136
06/05/2014,132
06/06/2014,196
06/07/2014,192
06/08/2014,204
06/09/2014,140
06/10/2014,124
06/11/2014,143
06/12/2014,158
06/13/2014,190
06/14/2014,135
06/15/2014,180
06/16/2014,179
06/17/2014,190
06/18/2014,150
06/19/2014,164
06/20/2014,211
06/21/2014,174
06/22/2014,144
06/23/2014,156
06/24/2014,150
06/25/2014,175
06/26/2014,195
06/27/2014,158
06/28/2014,197
06/29/2014,167
06/30/2014,164
07/01/2014,149
07/02/2014,155
07/03/2014,203
07/04/2014,118
07/05/2014,219
07/06/2014,148
07/07/2014,169
07/08/2014,140
07/09/2014,112
07/10/2014,136
07/11/2014,178
07/12/2014,137
07/13/2014,147
07/14/2014,145
07/15/2014,138
07/16/2014,137
07/17/2014,124
07/18/2014,156
07/19/2014,154
07/20/2014,125
07/21/2014,130
07/22/2014,154
07/23/2014,130
07/24/2014,148
07/25/2014,178
07/26/2014,148
07/27/2014,167
07/28/2014,151
07/29/2014,124
07/30/2014,147
07/31/2014,138
08/01/2014,168
08/02/2014,146
08/03/2014,122
08/04/2014,176
08/05/2014,174
08/06/2014,120
08/07/2014,156
08/08/2014,162
08/09/2014,152
08/10/2014,166
08/11/2014,144
08/12/2014,126
08/13/2014,156
08/14/2014,162
08/15/2014,99
08/16/2014,143
08/17/2014,154
08/18/2014,128
08/19/2014,134
08/20/2014,123
08/21/2014,147
08/22/2014,157
08/23/2014,132
08/24/2014,134
08/25/2014,129
08/26/2014,158
08/27/2014,133
08/28/2014,149
08/29/2014,155
08/30/2014,125
08/31/2014,148
09/01/2014,121
09/02/2014,144
09/03/2014,148
09/04/2014,152
09/05/2014,134
09/06/2014,138
09/07/2014,147
09/08/2014,135
09/09/2014,135
09/10/2014,157
09/11/2014,131
09/12/2014,214
09/13/2014,165
09/14/2014,155
09/15/2014,144
09/16/2014,153
09/17/2014,158
09/18/2014,177
09/19/2014,143
09/20/2014,159
09/21/2014,166
09/22/2014,176
09/23/2014,135
09/24/2014,106
09/25/2014,108
09/26/2014,175
09/27/2014,175
09/28/2014,144
09/29/2014,123
09/30/2014,147
10/01/2014,133
10/02/2014,115
10/03/2014,230
10/04/2014,157
10/05/2014,150
10/06/2014,152
10/07/2014,184
10/08/2014,150
10/09/2014,121
10/10/2014,130
10/11/2014,181
10/12/2014,161
10/13/2014,138
10/14/2014,179
10/15/2014,143
10/16/2014,175
10/17/2014,162
10/18/2014,167
10/19/2014,160
10/20/2014,136
10/21/2014,132
10/22/2014,191
10/23/2014,151
10/24/2014,156
10/25/2014,139
10/26/2014,134
10/27/2014,184
10/28/2014,114
10/29/2014,144
10/30/2014,116
10/31/2014,142
11/01/2014,202
11/02/2014,136
11/03/2014,157
11/04/2014,127
11/05/2014,150
11/06/2014,153
11/07/2014,171
11/08/2014,132
11/09/2014,101
11/10/2014,136
11/11/2014,123
11/12/2014,161
11/13/2014,159
11/14/2014,165
11/15/2014,142
11/16/2014,114
11/17/2014,167
11/18/2014,149
11/19/2014,141
11/20/2014,113
11/21/2014,162
11/22/2014,170
11/23/2014,129
11/24/2014,155
11/25/2014,125
11/26/2014,185
11/27/2014,127
11/28/2014,117
11/29/2014,93
11/30/2014,81
12/01/2014,144
12/02/2014,135
12/03/2014,128
12/04/2014,161
12/05/2014,184
12/06/2014,165
12/07/2014,136
12/08/2014,114
12/09/2014,154
12/10/2014,165
12/11/2014,151
12/12/2014,148
12/13/2014,138
12/14/2014,130
12/15/2014,166
12/16/2014,170
12/17/2014,139
12/18/2014,121
12/19/2014,157
12/20/2014,113
12/21/2014,87
12/22/2014,110
12/23/2014,172
12/24/2014,139
12/25/2014,92
12/26/2014,86
12/27/2014,126
12/28/2014,113
12/29/2014,104
12/30/2014,86
12/31/2014,95
01/01/2015,130
01/02/2015,93
01/03/2015,137
01/04/2015,109
01/05/2015,144
01/06/2015,142
01/07/2015,151
01/08/2015,117
01/09/2015,153
01/10/2015,112
01/11/2015,66
01/12/2015,157
01/13/2015,142
01/14/2015,115
01/15/2015,123
01/16/2015,114
01/17/2015,110
01/18/2015,228
01/19/2015,102
01/20/2015,92
01/21/2015,80
01/22/2015,98
01/23/2015,117
01/24/2015,66
01/25/2015,107
01/26/2015,80
01/27/2015,21
01/28/2015,89
01/29/2015,90
01/30/2015,101
01/31/2015,99
02/01/2015,65
02/02/2015,122
02/03/2015,140
02/04/2015,123
02/05/2015,98
02/06/2015,98
02/07/2015,116
02/08/2015,85
02/09/2015,111
02/10/2015,114
02/11/2015,131
02/12/2015,110
02/13/2015,147
02/14/2015,69
02/15/2015,87
02/16/2015,74
02/17/2015,109
02/18/2015,123
02/19/2015,78
02/20/2015,114
02/21/2015,93
02/22/2015,117
02/23/2015,93
02/24/2015,107
02/25/2015,138
02/26/2015,92
02/27/2015,120
02/28/2015,131
03/01/2015,134
03/02/2015,125
03/03/2015,95
03/04/2015,78
03/05/2015,91
03/06/2015,142
03/07/2015,106
03/08/2015,115
03/09/2015,155
03/10/2015,144
03/11/2015,132
03/12/2015,112
03/13/2015,158
03/14/2015,137
03/15/2015,94
03/16/2015,99
03/17/2015,106
03/18/2015,113
03/19/2015,110
03/20/2015,154
03/21/2015,117
03/22/2015,125
03/23/2015,100
03/24/2015,120
03/25/2015,154
03/26/2015,132
03/27/2015,84
03/28/2015,90
03/29/2015,102
03/30/2015,138
03/31/2015,117
04/01/2015,140
04/02/2015,130
04/03/2015,109
04/04/2015,135
04/05/2015,128
04/06/2015,110
04/07/2015,105
04/08/2015,82
04/09/2015,87
04/10/2015,128
04/11/2015,130
04/12/2015,129
04/13/2015,126
04/14/2015,115
04/15/2015,148
04/16/2015,113
04/17/2015,181
04/18/2015,182
04/19/2015,139
04/20/2015,138
04/21/2015,142
04/22/2015,113
04/23/2015,120
04/24/2015,150
04/25/2015,156
04/26/2015,141
04/27/2015,118
04/28/2015,123
04/29/2015,175
04/30/2015,131
05/01/2015,148
05/02/2015,132
05/03/2015,153
05/04/2015,156
05/05/2015,138
05/06/2015,102
05/07/2015,151
05/08/2015,172
05/09/2015,124
05/10/2015,193
05/11/2015,173
05/12/2015,176
05/13/2015,157
05/14/2015,172
05/15/2015,161
05/16/2015,180
05/17/2015,199
05/18/2015,115
05/19/2015,139
05/20/2015,151
05/21/2015,131
05/22/2015,170
05/23/2015,137
05/24/2015,126
05/25/2015,121
05/26/2015,144
05/27/2015,159
05/28/2015,171
05/29/2015,217
05/30/2015,182
05/31/2015,176
06/01/2015,147
06/02/2015,158
06/03/2015,175
06/04/2015,134
06/05/2015,150
06/06/2015,177
06/07/2015,164
06/08/2015,163
06/09/2015,142
06/10/2015,191
06/11/2015,137
06/12/2015,115
06/13/2015,123
06/14/2015,158
06/15/2015,98
06/16/2015,145
06/17/2015,174
06/18/2015,163
06/19/2015,141
06/20/2015,160
06/21/2015,192
06/22/2015,188
06/23/2015,168
06/24/2015,157
06/25/2015,148
06/26/2015,191
06/27/2015,153
06/28/2015,155
06/29/2015,143
06/30/2015,148
07/01/2015,178
07/02/2015,131
07/03/2015,145
07/04/2015,129
07/05/2015,127
07/06/2015,133
07/07/2015,175
07/08/2015,125
07/09/2015,150
07/10/2015,188
07/11/2015,152
07/12/2015,149
07/13/2015,182
07/14/2015,139
07/15/2015,150
07/16/2015,169
07/17/2015,149
07/18/2015,139
07/19/2015,155
07/20/2015,175
07/21/2015,131
07/22/2015,149
07/23/2015,167
07/24/2015,115
07/25/2015,122
07/26/2015,191
07/27/2015,146
07/28/2015,153
07/29/2015,167
07/30/2015,159
07/31/2015,189
08/01/2015,169
08/02/2015,155
08/03/2015,181
08/04/2015,151
08/05/2015,170
08/06/2015,158
08/07/2015,185
08/08/2015,129
08/09/2015,160
08/10/2015,154
08/11/2015,153
08/12/2015,124
08/13/2015,197
08/14/2015,173
08/15/2015,133
08/16/2015,161
08/17/2015,168
08/18/2015,148
08/19/2015,128
08/20/2015,153
08/21/2015,174
08/22/2015,150
08/23/2015,146
08/24/2015,120
08/25/2015,137
08/26/2015,136
08/27/2015,154
08/28/2015,152
08/29/2015,150
08/30/2015,169
08/31/2015,162
09/01/2015,140
09/02/2015,163
09/03/2015,131
09/04/2015,150
09/05/2015,150
09/06/2015,160
09/07/2015,154
09/08/2015,178
09/09/2015,155
09/10/2015,168
09/11/2015,166
09/12/2015,132
09/13/2015,127
09/14/2015,151
09/15/2015,142
09/16/2015,163
09/17/2015,163
09/18/2015,165
09/19/2015,192
09/20/2015,153
09/21/2015,150
09/22/2015,124
09/23/2015,120
09/24/2015,176
09/25/2015,142
09/26/2015,155
09/27/2015,138
09/28/2015,129
09/29/2015,152
09/30/2015,129
10/01/2015,170
10/02/2015,174
10/03/2015,142
10/04/2015,160
10/05/2015,140
10/06/2015,142
10/07/2015,152
10/08/2015,141
10/09/2015,159
10/10/2015,172
10/11/2015,154
10/12/2015,138
10/13/2015,182
10/14/2015,172
10/15/2015,155
10/16/2015,151
10/17/2015,146
10/18/2015,148
10/19/2015,126
10/20/2015,175
10/21/2015,178
10/22/2015,170
10/23/2015,199
10/24/2015,111
10/25/2015,139
10/26/2015,158
10/27/2015,137
10/28/2015,183
10/29/2015,182
10/30/2015,162
10/31/2015,99
11/01/2015,70
11/02/2015,153
11/03/2015,169
11/04/2015,167
11/05/2015,144
11/06/2015,134
11/07/2015,121
11/08/2015,131
11/09/2015,174
11/10/2015,192
11/11/2015,129
11/12/2015,139
11/13/2015,144
11/14/2015,143
11/15/2015,133
11/16/2015,155
11/17/2015,162
11/18/2015,132
11/19/2015,200
11/20/2015,203
11/21/2015,125
11/22/2015,116
11/23/2015,151
11/24/2015,140
11/25/2015,165
11/26/2015,112
11/27/2015,145
11/28/2015,160
11/29/2015,120
11/30/2015,132
12/01/2015,192
12/02/2015,170
12/03/2015,123
12/04/2015,145
12/05/2015,176
12/06/2015,134
12/07/2015,152
12/08/2015,119
12/09/2015,114
12/10/2015,146
12/11/2015,150
12/12/2015,139
12/13/2015,142
12/14/2015,140
12/15/2015,167
12/16/2015,149
12/17/2015,179
12/18/2015,190
12/19/2015,121
12/20/2015,128
12/21/2015,138
12/22/2015,161
12/23/2015,231
12/24/2015,162
12/25/2015,121
12/26/2015,123
12/27/2015,166
12/28/2015,107
12/29/2015,130
12/30/2015,145
12/31/2015,96
01/01/2016,123
01/02/2016,120
01/03/2016,128
01/04/2016,124
01/05/2016,107
01/06/2016,124
01/07/2016,121
01/08/2016,132
01/09/2016,140
01/10/2016,125
01/11/2016,144
01/12/2016,116
01/13/2016,138
01/14/2016,131
01/15/2016,147
01/16/2016,136
01/17/2016,115
01/18/2016,123
01/19/2016,165
01/20/2016,132
01/21/2016,145
01/22/2016,140
01/23/2016,41
01/24/2016,55
01/25/2016,74
01/26/2016,102
01/27/2016,105
01/28/2016,124
01/29/2016,112
01/30/2016,101
01/31/2016,99
02/01/2016,150
02/02/2016,145
02/03/2016,133
02/04/2016,123
02/05/2016,135
02/06/2016,135
02/07/2016,104
02/08/2016,89
02/09/2016,100
02/10/2016,109
02/11/2016,150
02/12/2016,144
02/13/2016,110
02/14/2016,55
02/15/2016,65
02/16/2016,129
02/17/2016,84
02/18/2016,117
02/19/2016,99
02/20/2016,140
02/21/2016,112
02/22/2016,103
02/23/2016,140
02/24/2016,148
02/25/2016,151
02/26/2016,116
02/27/2016,112
02/28/2016,117
02/29/2016,152
03/01/2016,122
03/02/2016,127
03/03/2016,121
03/04/2016,135
03/05/2016,148
03/06/2016,123
03/07/2016,115
03/08/2016,156
03/09/2016,170
03/10/2016,146
03/11/2016,155
03/12/2016,162
03/13/2016,111
03/14/2016,154
03/15/2016,139
03/16/2016,191
03/17/2016,155
03/18/2016,163
03/19/2016,160
03/20/2016,189
03/21/2016,198
03/22/2016,155
03/23/2016,156
03/24/2016,176
03/25/2016,170
03/26/2016,157
03/27/2016,162
03/28/2016,199
03/29/2016,172
03/30/2016,159
03/31/2016,177
04/01/2016,201
04/02/2016,191
04/03/2016,177
04/04/2016,193
04/05/2016,171
04/06/2016,167
04/07/2016,162
04/08/2016,193
04/09/2016,153
04/10/2016,176
04/11/2016,147
04/12/2016,150
04/13/2016,184
04/14/2016,156
04/15/2016,158
04/16/2016,196
04/17/2016,197
04/18/2016,197
04/19/2016,203
04/20/2016,212
04/21/2016,189
04/22/2016,196
04/23/2016,210
04/24/2016,137
04/25/2016,137
04/26/2016,141
04/27/2016,143
04/28/2016,104
04/29/2016,133
04/30/2016,193
05/01/2016,170
05/02/2016,130
05/03/2016,168
05/04/2016,169
05/05/2016,154
05/06/2016,174
05/07/2016,172
05/08/2016,200
05/09/2016,183
05/10/2016,151
05/11/2016,193
05/12/2016,197
05/13/2016,182
05/14/2016,184
05/15/2016,152
05/16/2016,209
05/17/2016,167
05/18/2016,147
05/19/2016,191
05/20/2016,229
05/21/2016,210
05/22/2016,181
05/23/2016,173
05/24/2016,178
05/25/2016,174
05/26/2016,158
05/27/2016,213
05/28/2016,223
05/29/2016,205
05/30/2016,141
05/31/2016,194
06/01/2016,196
06/02/2016,180
06/03/2016,171
06/04/2016,204
06/05/2016,143
06/06/2016,220
06/07/2016,207
06/08/2016,220
06/09/2016,140
06/10/2016,244
06/11/2016,175
06/12/2016,205
06/13/2016,169
06/14/2016,166
06/15/2016,171
06/16/2016,157
06/17/2016,215
06/18/2016,211
06/19/2016,220
06/20/2016,196
06/21/2016,175
06/22/2016,180
06/23/2016,144
06/24/2016,228
06/25/2016,200
06/26/2016,238
06/27/2016,182
06/28/2016,177
06/29/2016,164
06/30/2016,175
07/01/2016,207
07/02/2016,155
07/03/2016,190
07/04/2016,193
07/05/2016,213
07/06/2016,160
07/07/2016,150
07/08/2016,151
07/09/2016,170
07/10/2016,183
07/11/2016,200
07/12/2016,150
07/13/2016,165
07/14/2016,188
07/15/2016,236
07/16/2016,191
07/17/2016,200
07/18/2016,197
07/19/2016,179
07/20/2016,168
07/21/2016,220
07/22/2016,180
07/23/2016,212
07/24/2016,177
07/25/2016,161
07/26/2016,164
07/27/2016,209
07/28/2016,197
07/29/2016,199
07/30/2016,198
07/31/2016,160
08/01/2016,139
08/02/2016,197
08/03/2016,181
08/04/2016,196
08/05/2016,182
08/06/2016,176
08/07/2016,189
08/08/2016,159
08/09/2016,173
08/10/2016,203
08/11/2016,196
08/12/2016,220
08/13/2016,178
08/14/2016,143
08/15/2016,160
08/16/2016,200
08/17/2016,153
08/18/2016,183
08/19/2016,213
08/20/2016,142
08/21/2016,177
08/22/2016,182
08/23/2016,178
08/24/2016,145
08/25/2016,185
08/26/2016,181
08/27/2016,169
08/28/2016,170
08/29/2016,188
08/30/2016,174
08/31/2016,180
09/01/2016,168
09/02/2016,180
09/03/2016,177
09/04/2016,156
09/05/2016,130
09/06/2016,137
09/07/2016,155
09/08/2016,201
09/09/2016,136
09/10/2016,192
09/11/2016,180
09/12/2016,215
09/13/2016,242
09/14/2016,193
09/15/2016,215
09/16/2016,184
09/17/2016,197
09/18/2016,177
09/19/2016,198
09/20/2016,159
09/21/2016,191
09/22/2016,189
09/23/2016,251
09/24/2016,183
09/25/2016,167
09/26/2016,177
09/27/2016,188
09/28/2016,162
09/29/2016,143
09/30/2016,254
10/01/2016,163
10/02/2016,154
10/03/2016,131
10/04/2016,117
10/05/2016,174
10/06/2016,200
10/07/2016,173
10/08/2016,159
10/09/2016,120
10/10/2016,158
10/11/2016,174
10/12/2016,159
10/13/2016,177
10/14/2016,197
10/15/2016,163
10/16/2016,173
10/17/2016,159
10/18/2016,149
10/19/2016,180
10/20/2016,158
10/21/2016,243
10/22/2016,202
10/23/2016,153
10/24/2016,143
10/25/2016,138
10/26/2016,187
10/27/2016,198
10/28/2016,174
10/29/2016,177
10/30/2016,175
10/31/2016,169
11/01/2016,173
11/02/2016,164
11/03/2016,193
11/04/2016,241
11/05/2016,170
11/06/2016,142
11/07/2016,198
11/08/2016,194
11/09/2016,134
11/10/2016,154
11/11/2016,168
11/12/2016,157
11/13/2016,161
11/14/2016,158
11/15/2016,193
11/16/2016,163
11/17/2016,168
11/18/2016,213
11/19/2016,228
11/20/2016,169
11/21/2016,141
11/22/2016,162
11/23/2016,175
11/24/2016,136
11/25/2016,161
11/26/2016,119
11/27/2016,101
11/28/2016,142
11/29/2016,236
11/30/2016,194
12/01/2016,191
12/02/2016,159
12/03/2016,165
12/04/2016,133
12/05/2016,190
12/06/2016,189
12/07/2016,160
12/08/2016,116
12/09/2016,189
12/10/2016,173
12/11/2016,173
12/12/2016,158
12/13/2016,145
12/14/2016,167
12/15/2016,168
12/16/2016,163
12/17/2016,136
12/18/2016,174
12/19/2016,172
12/20/2016,174
12/21/2016,171
12/22/2016,152
12/23/2016,200
12/24/2016,155
12/25/2016,111
12/26/2016,117
12/27/2016,172
12/28/2016,126
12/29/2016,135
12/30/2016,133
12/31/2016,122
01/01/2017,168
01/02/2017,111
01/03/2017,206
01/04/2017,129
01/05/2017,98
01/06/2017,174
01/07/2017,166
01/08/2017,86
01/09/2017,162
01/10/2017,163
01/11/2017,145
01/12/2017,172
01/13/2017,161
01/14/2017,149
01/15/2017,138
01/16/2017,125
01/17/2017,199
01/18/2017,146
01/19/2017,138
01/20/2017,130
01/21/2017,128
01/22/2017,123
01/23/2017,202
01/24/2017,158
01/25/2017,141
01/26/2017,150
01/27/2017,120
01/28/2017,138
01/29/2017,124
01/30/2017,143
01/31/2017,121
02/01/2017,130
02/02/2017,141
02/03/2017,131
02/04/2017,143
02/05/2017,120
02/06/2017,133
02/07/2017,170
02/08/2017,185
02/09/2017,86
02/10/2017,130
02/11/2017,120
02/12/2017,126
02/13/2017,141
02/14/2017,177
02/15/2017,123
02/16/2017,159
02/17/2017,168
02/18/2017,161
02/19/2017,125
02/20/2017,123
02/21/2017,120
02/22/2017,110
02/23/2017,140
02/24/2017,233
02/25/2017,169
02/26/2017,107
02/27/2017,127
02/28/2017,153
03/01/2017,138
03/02/2017,145
03/03/2017,159
03/04/2017,131
03/05/2017,124
03/06/2017,128
03/07/2017,117
03/08/2017,135
03/09/2017,162
03/10/2017,167
03/11/2017,155
03/12/2017,142
03/13/2017,174
03/14/2017,39
03/15/2017,88
03/16/2017,162
03/17/2017,140
03/18/2017,119
03/19/2017,120
03/20/2017,189
03/21/2017,142
03/22/2017,151
03/23/2017,180
03/24/2017,163
03/25/2017,152
03/26/2017,120
03/27/2017,157
03/28/2017,134
03/29/2017,197
03/30/2017,140
03/31/2017,178
04/01/2017,133
04/02/2017,158
04/03/2017,158
04/04/2017,118
04/05/2017,150
04/06/2017,150
04/07/2017,172
04/08/2017,156
04/09/2017,167
04/10/2017,120
04/11/2017,151
04/12/2017,133
04/13/2017,160
04/14/2017,160
04/15/2017,149
04/16/2017,134
04/17/2017,131
04/18/2017,125
04/19/2017,144
04/20/2017,158
04/21/2017,150
04/22/2017,138
04/23/2017,169
04/24/2017,136
04/25/2017,172
04/26/2017,153
04/27/2017,158
04/28/2017,201
04/29/2017,211
04/30/2017,131
05/01/2017,149
05/02/2017,190
05/03/2017,155
05/04/2017,178
05/05/2017,177
05/06/2017,206
05/07/2017,172
05/08/2017,180
05/09/2017,144
05/10/2017,143
05/11/2017,189
05/12/2017,194
05/13/2017,200
05/14/2017,176
05/15/2017,146
05/16/2017,162
05/17/2017,209
05/18/2017,311
05/19/2017,202
05/20/2017,160
05/21/2017,176
05/22/2017,174
05/23/2017,155
05/24/2017,158
05/25/2017,203
05/26/2017,202
05/27/2017,123
05/28/2017,149
05/29/2017,110
05/30/2017,184
05/31/2017,188
06/01/2017,180
06/02/2017,213
06/03/2017,219
06/04/2017,148
06/05/2017,158
06/06/2017,190
06/07/2017,155
06/08/2017,190
06/09/2017,182
06/10/2017,177
06/11/2017,212
06/12/2017,197
06/13/2017,193
06/14/2017,226
06/15/2017,195
06/16/2017,187
06/17/2017,157
06/18/2017,192
06/19/2017,213
06/20/2017,181
06/21/2017,199
06/22/2017,194
06/23/2017,187
06/24/2017,201
06/25/2017,191
06/26/2017,169
06/27/2017,237
06/28/2017,196
06/29/2017,189
06/30/2017,201
07/01/2017,233
07/02/2017,184
07/03/2017,139
07/04/2017,164
07/05/2017,202
07/06/2017,165
07/07/2017,201
07/08/2017,158
07/09/2017,156
07/10/2017,176
07/11/2017,155
07/12/2017,147
07/13/2017,182
07/14/2017,162
07/15/2017,196
07/16/2017,175
07/17/2017,165
07/18/2017,204
07/19/2017,193
07/20/2017,182
07/21/2017,198
07/22/2017,183
07/23/2017,162
07/24/2017,168
07/25/2017,171
07/26/2017,181
07/27/2017,171
07/28/2017,178
07/29/2017,147
07/30/2017,199
07/31/2017,155
08/01/2017,205
08/02/2017,148
08/03/2017,207
08/04/2017,181
08/05/2017,156
08/06/2017,154
08/07/2017,154
08/08/2017,176
08/09/2017,147
08/10/2017,174
08/11/2017,172
08/12/2017,158
08/13/2017,189
08/14/2017,139
08/15/2017,159
08/16/2017,167
08/17/2017,170
08/18/2017,164
08/19/2017,214
08/20/2017,173
08/21/2017,167
08/22/2017,174
08/23/2017,169
08/24/2017,202
08/25/2017,199
08/26/2017,169
08/27/2017,153
08/28/2017,182
08/29/2017,183
08/30/2017,184
08/31/2017,157
09/01/2017,190
09/02/2017,187
09/03/2017,197
09/04/2017,221
09/05/2017,185
09/06/2017,156
09/07/2017,245
09/08/2017,203
09/09/2017,205
09/10/2017,162
09/11/2017,196
09/12/2017,173
09/13/2017,202
09/14/2017,166
09/15/2017,254
09/16/2017,170
09/17/2017,202
09/18/2017,207
09/19/2017,167
09/20/2017,156
09/21/2017,127
09/22/2017,146
09/23/2017,208
09/24/2017,189
09/25/2017,138
09/26/2017,217
09/27/2017,177
09/28/2017,206
09/29/2017,215
09/30/2017,143
10/01/2017,164
10/02/2017,198
10/03/2017,142
10/04/2017,209
10/05/2017,163
10/06/2017,183
10/07/2017,177
10/08/2017,136
10/09/2017,183
10/10/2017,241
10/11/2017,170
10/12/2017,168
10/13/2017,157
10/14/2017,164
10/15/2017,151
10/16/2017,165
10/17/2017,193
10/18/2017,191
10/19/2017,223
10/20/2017,264
10/21/2017,163
10/22/2017,167
10/23/2017,179
10/24/2017,148
10/25/2017,165
10/26/2017,130
10/27/2017,225
10/28/2017,180
10/29/2017,233
10/30/2017,212
10/31/2017,178
11/01/2017,173
11/02/2017,186
11/03/2017,190
11/04/2017,163
11/05/2017,161
11/06/2017,167
11/07/2017,181
11/08/2017,140
11/09/2017,180
11/10/2017,158
11/11/2017,152
11/12/2017,141
11/13/2017,141
11/14/2017,145
11/15/2017,193
11/16/2017,251
11/17/2017,191
11/18/2017,174
11/19/2017,177
11/20/2017,182
11/21/2017,194
11/22/2017,185
11/23/2017,161
11/24/2017,128
11/25/2017,110
11/26/2017,150
11/27/2017,142
11/28/2017,157
11/29/2017,184
11/30/2017,165
12/01/2017,198
12/02/2017,127
12/03/2017,113
12/04/2017,201
12/05/2017,197
12/06/2017,146
12/07/2017,192
12/08/2017,160
12/09/2017,145
12/10/2017,176
12/11/2017,193
12/12/2017,147
12/13/2017,171
12/14/2017,215
12/15/2017,211
12/16/2017,168
12/17/2017,150
12/18/2017,172
12/19/2017,159
12/20/2017,172
12/21/2017,186
12/22/2017,177
12/23/2017,160
12/24/2017,123
12/25/2017,93
12/26/2017,130
12/27/2017,152
12/28/2017,118
12/29/2017,131
12/30/2017,146
12/31/2017,122
01/01/2018,125
01/02/2018,160
01/03/2018,154
01/04/2018,60
01/05/2018,115
01/06/2018,128
01/07/2018,122
01/08/2018,173
01/09/2018,159
01/10/2018,174
01/11/2018,184
01/12/2018,172
01/13/2018,166
01/14/2018,126
01/15/2018,155
01/16/2018,143
01/17/2018,137
01/18/2018,154
01/19/2018,107
01/20/2018,141
01/21/2018,126
01/22/2018,164
01/23/2018,156
01/24/2018,152
01/25/2018,167
01/26/2018,191
01/27/2018,144
01/28/2018,103
01/29/2018,139
01/30/2018,119
01/31/2018,147
02/01/2018,129
02/02/2018,136
02/03/2018,122
02/04/2018,168
02/05/2018,169
02/06/2018,128
02/07/2018,179
02/08/2018,155
02/09/2018,145
02/10/2018,151
02/11/2018,154
02/12/2018,121
02/13/2018,146
02/14/2018,158
02/15/2018,148
02/16/2018,138
02/17/2018,142
02/18/2018,153
02/19/2018,105
02/20/2018,149
02/21/2018,162
02/22/2018,133
02/23/2018,141
02/24/2018,167
02/25/2018,140
02/26/2018,108
02/27/2018,141
02/28/2018,160
03/01/2018,147
03/02/2018,217
03/03/2018,154
03/04/2018,122
03/05/2018,121
03/06/2018,162
03/07/2018,140
03/08/2018,146
03/09/2018,163
03/10/2018,122
03/11/2018,143
03/12/2018,142
03/13/2018,147
03/14/2018,133
03/15/2018,211
03/16/2018,182
03/17/2018,129
03/18/2018,159
03/19/2018,147
03/20/2018,167
03/21/2018,118
03/22/2018,164
03/23/2018,156
03/24/2018,135
03/25/2018,148
03/26/2018,200
03/27/2018,136
03/28/2018,146
03/29/2018,163
03/30/2018,132
03/31/2018,199
04/01/2018,138
04/02/2018,133
04/03/2018,133
04/04/2018,118
04/05/2018,120
04/06/2018,189
04/07/2018,136
04/08/2018,95
04/09/2018,146
04/10/2018,187
04/11/2018,156
04/12/2018,148
04/13/2018,185
04/14/2018,213
04/15/2018,153
04/16/2018,172
04/17/2018,147
04/18/2018,128
04/19/2018,145
04/20/2018,185
04/21/2018,167
04/22/2018,174
04/23/2018,180
04/24/2018,165
04/25/2018,149
04/26/2018,193
04/27/2018,131
04/28/2018,157
04/29/2018,157
04/30/2018,176
05/01/2018,164
05/02/2018,177
05/03/2018,200
05/04/2018,193
05/05/2018,191
05/06/2018,156
05/07/2018,194
05/08/2018,211
05/09/2018,159
05/10/2018,205
05/11/2018,222
05/12/2018,150
05/13/2018,191
05/14/2018,174
05/15/2018,183
05/16/2018,167
05/17/2018,204
05/18/2018,144
05/19/2018,177
05/20/2018,168
05/21/2018,195
05/22/2018,148
05/23/2018,239
05/24/2018,215
05/25/2018,210
05/26/2018,225
05/27/2018,167
05/28/2018,164
05/29/2018,168
05/30/2018,152
05/31/2018,154
06/01/2018,167
06/02/2018,186
06/03/2018,151
06/04/2018,157
06/05/2018,178
06/06/2018,169
06/07/2018,185
06/08/2018,198
06/09/2018,197
06/10/2018,197
06/11/2018,185
06/12/2018,164
06/13/2018,159
06/14/2018,199
06/15/2018,234
06/16/2018,216
06/17/2018,179
06/18/2018,247
06/19/2018,196
06/20/2018,184
06/21/2018,232
06/22/2018,184
06/23/2018,137
06/24/2018,164
06/25/2018,204
06/26/2018,233
06/27/2018,142
06/28/2018,183
06/29/2018,226
06/30/2018,165
07/01/2018,177
07/02/2018,185
07/03/2018,164
07/04/2018,141
07/05/2018,190
07/06/2018,175
07/07/2018,162
07/08/2018,185
07/09/2018,165
07/10/2018,222
07/11/2018,161
07/12/2018,187
07/13/2018,200
07/14/2018,209
07/15/2018,160
07/16/2018,185
07/17/2018,192
07/18/2018,182
07/19/2018,174
07/20/2018,180
07/21/2018,217
07/22/2018,151
07/23/2018,161
07/24/2018,162
07/25/2018,166
07/26/2018,160
07/27/2018,190
07/28/2018,172
07/29/2018,163
07/30/2018,167
07/31/2018,187
08/01/2018,176
08/02/2018,193
08/03/2018,232
08/04/2018,193
08/05/2018,192
08/06/2018,177
08/07/2018,171
08/08/2018,162
08/09/2018,187
08/10/2018,186
08/11/2018,145
08/12/2018,148
08/13/2018,158
08/14/2018,197
08/15/2018,176
08/16/2018,170
08/17/2018,179
08/18/2018,178
08/19/2018,186
08/20/2018,144
08/21/2018,164
08/22/2018,166
08/23/2018,187
08/24/2018,215
08/25/2018,211
08/26/2018,180
08/27/2018,178
08/28/2018,179
08/29/2018,186
08/30/2018,205
08/31/2018,136
09/01/2018,155
09/02/2018,196
09/03/2018,220
09/04/2018,208
09/05/2018,193
09/06/2018,224
09/07/2018,182
09/08/2018,180
09/09/2018,168
09/10/2018,201
09/11/2018,189
09/12/2018,203
09/13/2018,181
09/14/2018,198
09/15/2018,202
09/16/2018,180
09/17/2018,171
09/18/2018,201
09/19/2018,142
09/20/2018,167
09/21/2018,200
09/22/2018,204
09/23/2018,132
09/24/2018,141
09/25/2018,202
09/26/2018,227
09/27/2018,161
09/28/2018,182
09/29/2018,196
09/30/2018,161
10/01/2018,140
10/02/2018,141
10/03/2018,217
10/04/2018,196
10/05/2018,215
10/06/2018,148
10/07/2018,214
10/08/2018,146
10/09/2018,152
10/10/2018,179
10/11/2018,166
10/12/2018,205
10/13/2018,154
10/14/2018,158
10/15/2018,189
10/16/2018,174
10/17/2018,200
10/18/2018,196
10/19/2018,197
10/20/2018,205
10/21/2018,202
10/22/2018,151
10/23/2018,164
10/24/2018,194
10/25/2018,188
10/26/2018,177
10/27/2018,233
10/28/2018,181
10/29/2018,185
10/30/2018,193
10/31/2018,196
11/01/2018,171
11/02/2018,228
11/03/2018,186
11/04/2018,146
11/05/2018,195
11/06/2018,217
11/07/2018,224
11/08/2018,136
11/09/2018,231
11/10/2018,155
11/11/2018,135
11/12/2018,136
11/13/2018,162
11/14/2018,171
11/15/2018,228
11/16/2018,168
11/17/2018,159
11/18/2018,119
11/19/2018,168
11/20/2018,158
11/21/2018,165
11/22/2018,117
11/23/2018,124
11/24/2018,152
11/25/2018,145
11/26/2018,229
11/27/2018,153
11/28/2018,130
11/29/2018,169
11/30/2018,153
12/01/2018,170
12/02/2018,181
12/03/2018,164
12/04/2018,145
12/05/2018,168
12/06/2018,188
12/07/2018,196
12/08/2018,154
12/09/2018,128
12/10/2018,159
12/11/2018,172
12/12/2018,162
12/13/2018,167
12/14/2018,232
12/15/2018,193
12/16/2018,202
12/17/2018,169
12/18/2018,186
12/19/2018,202
12/20/2018,273
12/21/2018,207
12/22/2018,172
12/23/2018,148
12/24/2018,176
12/25/2018,101
12/26/2018,140
12/27/2018,165
12/28/2018,207
12/29/2018,172
12/30/2018,117
12/31/2018,200
01/01/2019,145
01/02/2019,130
01/03/2019,116
01/04/2019,177
01/05/2019,141
01/06/2019,113
01/07/2019,164
01/08/2019,174
01/09/2019,146
01/10/2019,128
01/11/2019,165
01/12/2019,155
01/13/2019,84
01/14/2019,168
01/15/2019,139
01/16/2019,147
01/17/2019,144
01/18/2019,152
01/19/2019,140
01/20/2019,122
01/21/2019,114
01/22/2019,146
01/23/2019,118
01/24/2019,184
01/25/2019,146
01/26/2019,124
01/27/2019,128
01/28/2019,135
01/29/2019,194
01/30/2019,155
01/31/2019,133
02/01/2019,114
02/02/2019,138
02/03/2019,128
02/04/2019,205
02/05/2019,136
02/06/2019,187
02/07/2019,150
02/08/2019,188
02/09/2019,148
02/10/2019,146
02/11/2019,137
02/12/2019,192
02/13/2019,146
02/14/2019,153
02/15/2019,168
02/16/2019,147
02/17/2019,131
02/18/2019,98
02/19/2019,133
02/20/2019,130
02/21/2019,150
02/22/2019,123
02/23/2019,148
02/24/2019,145
02/25/2019,140
02/26/2019,174
02/27/2019,130
02/28/2019,188
03/01/2019,150
03/02/2019,165
03/03/2019,150
03/04/2019,96
03/05/2019,139
03/06/2019,109
03/07/2019,115
03/08/2019,143
03/09/2019,148
03/10/2019,131
03/11/2019,174
03/12/2019,126
03/13/2019,122
03/14/2019,156
03/15/2019,191
03/16/2019,169
03/17/2019,133
03/18/2019,174
03/19/2019,169
03/20/2019,159
03/21/2019,162
03/22/2019,185
03/23/2019,153
03/24/2019,155
03/25/2019,126
03/26/2019,179
03/27/2019,138
03/28/2019,175
03/29/2019,166
03/30/2019,156
03/31/2019,123
04/01/2019,153
04/02/2019,159
04/03/2019,146
04/04/2019,200
04/05/2019,180
04/06/2019,208
04/07/2019,166
04/08/2019,157
04/09/2019,128
04/10/2019,193
04/11/2019,144
04/12/2019,214
04/13/2019,174
04/14/2019,127
04/15/2019,157
04/16/2019,143
04/17/2019,161
04/18/2019,138
04/19/2019,182
04/20/2019,139
04/21/2019,137
04/22/2019,132
04/23/2019,172
04/24/2019,202
04/25/2019,117
04/26/2019,143
04/27/2019,192
04/28/2019,102
04/29/2019,159
04/30/2019,186
05/01/2019,164
05/02/2019,185
05/03/2019,190
05/04/2019,160
05/05/2019,182
05/06/2019,190
05/07/2019,186
05/08/2019,187
05/09/2019,162
05/10/2019,225
05/11/2019,200
05/12/2019,167
05/13/2019,155
05/14/2019,161
05/15/2019,172
05/16/2019,188
05/17/2019,196
05/18/2019,208
05/19/2019,137
05/20/2019,182
05/21/2019,230
05/22/2019,192
05/23/2019,170
05/24/2019,217
05/25/2019,174
05/26/2019,206
05/27/2019,189
05/28/2019,167
05/29/2019,157
05/30/2019,205
05/31/2019,225
06/01/2019,200
06/02/2019,190
06/03/2019,196
06/04/2019,184
06/05/2019,183
06/06/2019,183
06/07/2019,206
06/08/2019,184
06/09/2019,194
06/10/2019,174
06/11/2019,214
06/12/2019,214
06/13/2019,166
06/14/2019,195
06/15/2019,184
06/16/2019,187
06/17/2019,135
06/18/2019,211
06/19/2019,149
06/20/2019,195
06/21/2019,256
06/22/2019,213
06/23/2019,215
06/24/2019,195
06/25/2019,205
06/26/2019,235
06/27/2019,205
06/28/2019,235
06/29/2019,240
06/30/2019,182
07/01/2019,230
07/02/2019,184
07/03/2019,178
07/04/2019,154
07/05/2019,179
07/06/2019,182
07/07/2019,155
07/08/2019,184
07/09/2019,172
07/10/2019,175
07/11/2019,178
07/12/2019,237
07/13/2019,167
07/14/2019,228
07/15/2019,201
07/16/2019,189
07/17/2019,183
07/18/2019,160
07/19/2019,161
07/20/2019,193
07/21/2019,167
07/22/2019,154
07/23/2019,140
07/24/2019,176
07/25/2019,181
07/26/2019,216
07/27/2019,173
07/28/2019,211
07/29/2019,200
07/30/2019,191
07/31/2019,158
08/01/2019,149
08/02/2019,168
08/03/2019,202
08/04/2019,204
08/05/2019,201
08/06/2019,191
08/07/2019,154
08/08/2019,202
08/09/2019,195
08/10/2019,210
08/11/2019,184
08/12/2019,168
08/13/2019,147
08/14/2019,159
08/15/2019,173
08/16/2019,148
08/17/2019,187
08/18/2019,195
08/19/2019,173
08/20/2019,185
08/21/2019,151
08/22/2019,172
08/23/2019,165
08/24/2019,176
08/25/2019,153
08/26/2019,156
08/27/2019,181
08/28/2019,217
08/29/2019,173
08/30/2019,179
08/31/2019,176
09/01/2019,173
09/02/2019,128
09/03/2019,193
09/04/2019,196
09/05/2019,186
09/06/2019,152
09/07/2019,135
09/08/2019,196
09/09/2019,180
09/10/2019,202
09/11/2019,185
09/12/2019,211
09/13/2019,182
09/14/2019,146
09/15/2019,189
09/16/2019,151
09/17/2019,182
09/18/2019,173
09/19/2019,148
09/20/2019,194
09/21/2019,187
09/22/2019,207
09/23/2019,182
09/24/2019,207
09/25/2019,181
09/26/2019,185
09/27/2019,222
09/28/2019,173
09/29/2019,153
09/30/2019,113
10/01/2019,147
10/02/2019,180
10/03/2019,190
10/04/2019,202
10/05/2019,158
10/06/2019,134
10/07/2019,157
10/08/2019,172
10/09/2019,124
10/10/2019,166
10/11/2019,184
10/12/2019,158
10/13/2019,130
10/14/2019,122
10/15/2019,156
10/16/2019,189
10/17/2019,149
10/18/2019,169
10/19/2019,193
10/20/2019,158
10/21/2019,145
10/22/2019,158
10/23/2019,209
10/24/2019,185
10/25/2019,195
10/26/2019,204
10/27/2019,159
10/28/2019,190
10/29/2019,202
10/30/2019,153
10/31/2019,232
11/01/2019,234
11/02/2019,155
11/03/2019,132
11/04/2019,179
11/05/2019,144
11/06/2019,144
11/07/2019,178
11/08/2019,173
11/09/2019,136
11/10/2019,114
11/11/2019,143
11/12/2019,172
11/13/2019,166
11/14/2019,141
11/15/2019,174
11/16/2019,160
11/17/2019,104
11/18/2019,231
11/19/2019,146
11/20/2019,129
11/21/2019,186
11/22/2019,155
11/23/2019,162
11/24/2019,176
11/25/2019,179
11/26/2019,206
11/27/2019,170
11/28/2019,110
11/29/2019,118
11/30/2019,153
12/01/2019,138
12/02/2019,201
12/03/2019,185
12/04/2019,156
12/05/2019,146
12/06/2019,115
12/07/2019,209
12/08/2019,139
12/09/2019,257
12/10/2019,194
12/11/2019,162
12/12/2019,150
12/13/2019,260
12/14/2019,180
12/15/2019,136
12/16/2019,162
12/17/2019,193
12/18/2019,186
12/19/2019,178
12/20/2019,215
12/21/2019,184
12/22/2019,177
12/23/2019,181
12/24/2019,163
12/25/2019,94
12/26/2019,134
12/27/2019,137
12/28/2019,118
12/29/2019,155
12/30/2019,150
12/31/2019,129
01/01/2020,115
01/02/2020,132
01/03/2020,139
01/04/2020,126
01/05/2020,88
01/06/2020,155
01/07/2020,141
01/08/2020,109
01/09/2020,158
01/10/2020,157
01/11/2020,177
01/12/2020,150
01/13/2020,139
01/14/2020,146
01/15/2020,154
01/16/2020,156
01/17/2020,139
01/18/2020,189
01/19/2020,93
01/20/2020,88
01/21/2020,163
01/22/2020,120
01/23/2020,134
01/24/2020,167
01/25/2020,124
01/26/2020,132
01/27/2020,100
01/28/2020,108
01/29/2020,138
01/30/2020,146
01/31/2020,145
02/01/2020,114
02/02/2020,104
02/03/2020,161
02/04/2020,134
02/05/2020,127
02/06/2020,186
02/07/2020,170
02/08/2020,111
02/09/2020,145
02/10/2020,178
02/11/2020,130
02/12/2020,104
02/13/2020,122
02/14/2020,175
02/15/2020,147
02/16/2020,121
02/17/2020,107
02/18/2020,129
02/19/2020,156
02/20/2020,145
02/21/2020,159
02/22/2020,145
02/23/2020,140
02/24/2020,146
02/25/2020,151
02/26/2020,126
02/27/2020,180
02/28/2020,115
02/29/2020,117
03/01/2020,122
03/02/2020,166
03/03/2020,175
03/04/2020,159
03/05/2020,167
03/06/2020,179
03/07/2020,164
03/08/2020,183
03/09/2020,164
03/10/2020,116
03/11/2020,146
03/12/2020,131
03/13/2020,147
03/14/2020,118
03/15/2020,123
03/16/2020,82
03/17/2020,101
03/18/2020,69
03/19/2020,81
03/20/2020,67
03/21/2020,73
03/22/2020,30
03/23/2020,63
03/24/2020,56
03/25/2020,36
03/26/2020,45
03/27/2020,47
03/28/2020,39
03/29/2020,42
03/30/2020,30
03/31/2020,43
04/01/2020,39
04/02/2020,41
04/03/2020,35
04/04/2020,53
04/05/2020,40
04/06/2020,33
04/07/2020,59
04/08/2020,56
04/09/2020,29
04/10/2020,43
04/11/2020,46
04/12/2020,46
04/13/2020,25
04/14/2020,44
04/15/2020,52
04/16/2020,37
04/17/2020,43
04/18/2020,30
04/19/2020,37
04/20/2020,43
04/21/2020,43
04/22/2020,52
04/23/2020,42
04/24/2020,49
04/25/2020,59
04/26/2020,57
04/27/2020,39
04/28/2020,59
04/29/2020,36
04/30/2020,44
05/01/2020,58
05/02/2020,78
05/03/2020,61
05/04/2020,78
05/05/2020,65
05/06/2020,62
05/07/2020,69
05/08/2020,77
05/09/2020,51
05/10/2020,75
05/11/2020,48
05/12/2020,67
05/13/2020,90
05/14/2020,57
05/15/2020,114
05/16/2020,110
05/17/2020,90
05/18/2020,62
05/19/2020,99
05/20/2020,61
05/21/2020,95
05/22/2020,120
05/23/2020,90
05/24/2020,81
05/25/2020,101
05/26/2020,93
05/27/2020,100
05/28/2020,83
05/29/2020,104
05/30/2020,121
05/31/2020,91
06/01/2020,76
06/02/2020,89
06/03/2020,92
06/04/2020,140
06/05/2020,104
06/06/2020,125
06/07/2020,109
06/08/2020,96
06/09/2020,108
06/10/2020,95
06/11/2020,94
06/12/2020,135
06/13/2020,159
06/14/2020,128
06/15/2020,97
06/16/2020,131
06/17/2020,122
06/18/2020,123
06/19/2020,135
06/20/2020,129
06/21/2020,134
06/22/2020,134
06/23/2020,164
06/24/2020,155
06/25/2020,99
06/26/2020,177
06/27/2020,127
06/28/2020,120
06/29/2020,130
06/30/2020,108
07/01/2020,118
07/02/2020,172
07/03/2020,122
07/04/2020,159
07/05/2020,175
07/06/2020,139
07/07/2020,131
07/08/2020,135
07/09/2020,152
07/10/2020,111
07/11/2020,149
07/12/2020,149
07/13/2020,142
07/14/2020,141
07/15/2020,153
07/16/2020,137
07/17/2020,126
07/18/2020,143
07/19/2020,150
07/20/2020,125
07/21/2020,150
07/22/2020,122
07/23/2020,156
07/24/2020,115
07/25/2020,151
07/26/2020,144
07/27/2020,150
07/28/2020,115
07/29/2020,136
07/30/2020,139
07/31/2020,146
08/01/2020,208
08/02/2020,130
08/03/2020,173
08/04/2020,131
08/05/2020,157
08/06/2020,156
08/07/2020,153
08/08/2020,141
08/09/2020,155
08/10/2020,148
08/11/2020,131
08/12/2020,148
08/13/2020,144
08/14/2020,156
08/15/2020,163
08/16/2020,126
08/17/2020,148
08/18/2020,154
08/19/2020,131
08/20/2020,136
08/21/2020,161
08/22/2020,163
08/23/2020,197
08/24/2020,156
08/25/2020,142
08/26/2020,139
08/27/2020,173
08/28/2020,154
08/29/2020,148
08/30/2020,169
08/31/2020,142
09/01/2020,147
09/02/2020,144
09/03/2020,195
09/04/2020,197
09/05/2020,179
09/06/2020,180
09/07/2020,166
09/08/2020,166
09/09/2020,153
09/10/2020,149
09/11/2020,193
09/12/2020,195
09/13/2020,111
09/14/2020,137
09/15/2020,134
09/16/2020,131
09/17/2020,143
09/18/2020,175
09/19/2020,143
09/20/2020,189
09/21/2020,133
09/22/2020,120
09/23/2020,150
09/24/2020,155
09/25/2020,144
09/26/2020,148
09/27/2020,177
09/28/2020,126
09/29/2020,178
09/30/2020,137
10/01/2020,141
10/02/2020,137
10/03/2020,168
10/04/2020,129
10/05/2020,128
10/06/2020,149
10/07/2020,131
10/08/2020,150
10/09/2020,131
10/10/2020,140
10/11/2020,127
10/12/2020,170
10/13/2020,133
10/14/2020,139
10/15/2020,141
10/16/2020,120
10/17/2020,167
10/18/2020,158
10/19/2020,80
10/20/2020,144
10/21/2020,161
10/22/2020,118
10/23/2020,149
10/24/2020,151
10/25/2020,135
10/26/2020,162
10/27/2020,108
10/28/2020,134
10/29/2020,146
10/30/2020,155
10/31/2020,153
11/01/2020,149
11/02/2020,139
11/03/2020,117
11/04/2020,113
11/05/2020,166
11/06/2020,166
11/07/2020,173
11/08/2020,144
11/09/2020,173
11/10/2020,176
11/11/2020,158
11/12/2020,149
11/13/2020,161
11/14/2020,127
11/15/2020,94
11/16/2020,130
11/17/2020,113
11/18/2020,142
11/19/2020,120
11/20/2020,162
11/21/2020,149
11/22/2020,96
11/23/2020,141
11/24/2020,149
11/25/2020,121
11/26/2020,92
11/27/2020,130
11/28/2020,126
11/29/2020,120
11/30/2020,122
12/01/2020,99
12/02/2020,103
12/03/2020,92
12/04/2020,182
12/05/2020,114
12/06/2020,95
12/07/2020,118
12/08/2020,150
12/09/2020,114
12/10/2020,149
12/11/2020,158
12/12/2020,114
12/13/2020,137
12/14/2020,112
12/15/2020,133
12/16/2020,119
12/17/2020,56
12/18/2020,93
12/19/2020,72
12/20/2020,83
12/21/2020,79
12/22/2020,119
12/23/2020,144
12/24/2020,138
12/25/2020,61
12/26/2020,117
12/27/2020,59
12/28/2020,85
12/29/2020,109
12/30/2020,97
12/31/2020,125
01/01/2021,105
01/02/2021,106
01/03/2021,102
01/04/2021,101
01/05/2021,92
01/06/2021,87
01/07/2021,125
01/08/2021,117
01/09/2021,115
01/10/2021,85
01/11/2021,85
01/12/2021,100
01/13/2021,85
01/14/2021,109
01/15/2021,105
01/16/2021,127
01/17/2021,94
01/18/2021,92
01/19/2021,101
01/20/2021,95
01/21/2021,106
01/22/2021,92
01/23/2021,115
01/24/2021,89
01/25/2021,85
01/26/2021,128
01/27/2021,94
01/28/2021,85
01/29/2021,116
01/30/2021,78
01/31/2021,108
02/01/2021,38
02/02/2021,38
02/03/2021,51
02/04/2021,97
02/05/2021,106
02/06/2021,96
02/07/2021,106
02/08/2021,96
02/09/2021,68
02/10/2021,110
02/11/2021,84
02/12/2021,105
02/13/2021,89
02/14/2021,69
02/15/2021,89
02/16/2021,73
02/17/2021,96
02/18/2021,104
02/19/2021,69
02/20/2021,100
02/21/2021,106
02/22/2021,81
02/23/2021,97
02/24/2021,137
02/25/2021,95
02/26/2021,152
02/27/2021,104
02/28/2021,99
03/01/2021,77
03/02/2021,126
03/03/2021,95
03/04/2021,84
03/05/2021,123
03/06/2021,91
03/07/2021,93
03/08/2021,94
03/09/2021,126
03/10/2021,100
03/11/2021,144
03/12/2021,139
03/13/2021,95
03/14/2021,89
03/15/2021,108
03/16/2021,82
03/17/2021,100
03/18/2021,89
03/19/2021,115
03/20/2021,144
03/21/2021,147
03/22/2021,132
03/23/2021,122
03/24/2021,136
03/25/2021,103
03/26/2021,159
03/27/2021,184
03/28/2021,77
03/29/2021,103
03/30/2021,115
03/31/2021,133
04/01/2021,128
04/02/2021,108
04/03/2021,154
04/04/2021,124
04/05/2021,154
04/06/2021,155
04/07/2021,138
04/08/2021,156
04/09/2021,103
04/10/2021,138
04/11/2021,112
04/12/2021,128
04/13/2021,143
04/14/2021,137
04/15/2021,115
04/16/2021,127
04/17/2021,112
04/18/2021,157
04/19/2021,142
04/20/2021,168
04/21/2021,136
04/22/2021,97
04/23/2021,124
04/24/2021,132
04/25/2021,172
04/26/2021,152
04/27/2021,101
04/28/2021,200
04/29/2021,141
04/30/2021,144
05/01/2021,174
05/02/2021,216
05/03/2021,186
05/04/2021,166
05/05/2021,143
05/06/2021,154
05/07/2021,139
05/08/2021,149
05/09/2021,133
05/10/2021,121
05/11/2021,181
05/12/2021,153
05/13/2021,158
05/14/2021,217
05/15/2021,171
05/16/2021,144
05/17/2021,139
05/18/2021,183
05/19/2021,168
05/20/2021,168
05/21/2021,155
05/22/2021,210
05/23/2021,167
05/24/2021,136
05/25/2021,203
05/26/2021,169
05/27/2021,223
05/28/2021,162
05/29/2021,83
05/30/2021,114
05/31/2021,155
06/01/2021,161
06/02/2021,169
06/03/2021,118
06/04/2021,152
06/05/2021,166
06/06/2021,199
06/07/2021,194
06/08/2021,149
06/09/2021,191
06/10/2021,157
06/11/2021,158
06/12/2021,171
06/13/2021,172
06/14/2021,144
06/15/2021,174
06/16/2021,190
06/17/2021,181
06/18/2021,176
06/19/2021,174
06/20/2021,157
06/21/2021,171
06/22/2021,138
06/23/2021,180
06/24/2021,176
06/25/2021,190
06/26/2021,196
06/27/2021,162
06/28/2021,188
06/29/2021,174
06/30/2021,158
07/01/2021,151
07/02/2021,188
07/03/2021,135
07/04/2021,145
07/05/2021,143
07/06/2021,153
07/07/2021,130
07/08/2021,160
07/09/2021,180
07/10/2021,152
07/11/2021,131
07/12/2021,130
07/13/2021,125
07/14/2021,140
07/15/2021,181
07/16/2021,152
07/17/2021,192
07/18/2021,189
07/19/2021,136
07/20/2021,158
07/21/2021,142
07/22/2021,146
07/23/2021,124
07/24/2021,209
07/25/2021,153
07/26/2021,185
07/27/2021,146
07/28/2021,137
07/29/2021,157
07/30/2021,173
07/31/2021,186
08/01/2021,175
08/02/2021,171
08/03/2021,152
08/04/2021,144
08/05/2021,110
08/06/2021,202
08/07/2021,165
08/08/2021,149
08/09/2021,163
08/10/2021,202
08/11/2021,125
08/12/2021,164
08/13/2021,181
08/14/2021,143
08/15/2021,164
08/16/2021,142
08/17/2021,170
08/18/2021,154
08/19/2021,127
08/20/2021,147
08/21/2021,159
08/22/2021,146
08/23/2021,146
08/24/2021,187
08/25/2021,156
08/26/2021,163
08/27/2021,147
08/28/2021,165
08/29/2021,209
08/30/2021,139
08/31/2021,145
09/01/2021,142
09/02/2021,187
09/03/2021,151
09/04/2021,196
09/05/2021,175
09/06/2021,183
09/07/2021,182
09/08/2021,165
09/09/2021,138
09/10/2021,176
09/11/2021,149
09/12/2021,187
09/13/2021,157
09/14/2021,182
09/15/2021,186
09/16/2021,122
09/17/2021,176
09/18/2021,186
09/19/2021,171
09/20/2021,154
09/21/2021,158
09/22/2021,136
09/23/2021,145
09/24/2021,183
09/25/2021,170
09/26/2021,170
09/27/2021,138
09/28/2021,147
09/29/2021,199
09/30/2021,166
10/01/2021,189
10/02/2021,167
10/03/2021,148
10/04/2021,139
10/05/2021,141
10/06/2021,130
10/07/2021,167
10/08/2021,171
10/09/2021,157
10/10/2021,153
10/11/2021,138
10/12/2021,160
10/13/2021,133
10/14/2021,171
10/15/2021,191
10/16/2021,184
10/17/2021,176
10/18/2021,129
10/19/2021,165
10/20/2021,177
10/21/2021,164
10/22/2021,208
10/23/2021,149
10/24/2021,136
10/25/2021,152
10/26/2021,169
10/27/2021,158
10/28/2021,170
10/29/2021,160
10/30/2021,185
10/31/2021,193
11/01/2021,141
11/02/2021,135
11/03/2021,155
11/04/2021,132
11/05/2021,190
11/06/2021,178
11/07/2021,119
11/08/2021,162
11/09/2021,163
11/10/2021,184
11/11/2021,140
11/12/2021,202
11/13/2021,152
11/14/2021,142
11/15/2021,160
11/16/2021,157
11/17/2021,169
11/18/2021,187
11/19/2021,155
11/20/2021,165
11/21/2021,107
11/22/2021,149
11/23/2021,128
11/24/2021,188
11/25/2021,119
11/26/2021,119
11/27/2021,124
11/28/2021,120
11/29/2021,148
11/30/2021,116
12/01/2021,118
12/02/2021,171
12/03/2021,149
12/04/2021,114
12/05/2021,144
12/06/2021,177
12/07/2021,153
12/08/2021,127
12/09/2021,144
12/10/2021,141
12/11/2021,161
12/12/2021,139
12/13/2021,133
12/14/2021,143
12/15/2021,143
12/16/2021,181
12/17/2021,149
12/18/2021,151
12/19/2021,123
12/20/2021,132
12/21/2021,94
12/22/2021,117
12/23/2021,153
12/24/2021,130
12/25/2021,112
12/26/2021,84
12/27/2021,89
12/28/2021,131
12/29/2021,80
12/30/2021,117
12/31/2021,99
01/01/2022,140
01/02/2022,77
01/03/2022,80
01/04/2022,113
01/05/2022,152
01/06/2022,99
01/07/2022,100
01/08/2022,96
01/09/2022,108
01/10/2022,115
01/11/2022,110
01/12/2022,114
01/13/2022,130
01/14/2022,130
01/15/2022,92
01/16/2022,88
01/17/2022,71
01/18/2022,86
01/19/2022,96
01/20/2022,117
01/21/2022,98
01/22/2022,110
01/23/2022,105
01/24/2022,96
01/25/2022,109
01/26/2022,115
01/27/2022,128
01/28/2022,101
01/29/2022,62
01/30/2022,73
01/31/2022,90
02/01/2022,104
02/02/2022,124
02/03/2022,103
02/04/2022,128
02/05/2022,132
02/06/2022,127
02/07/2022,124
02/08/2022,143
02/09/2022,132
02/10/2022,139
02/11/2022,154
02/12/2022,121
02/13/2022,111
02/14/2022,111
02/15/2022,139
02/16/2022,113
02/17/2022,127
02/18/2022,123
02/19/2022,110
02/20/2022,123
02/21/2022,85
02/22/2022,121
02/23/2022,113
02/24/2022,86
02/25/2022,86
02/26/2022,104
02/27/2022,141
02/28/2022,109
03/01/2022,102
03/02/2022,134
03/03/2022,137
03/04/2022,132
03/05/2022,114
03/06/2022,119
03/07/2022,152
03/08/2022,123
03/09/2022,125
03/10/2022,137
03/11/2022,151
03/12/2022,110
03/13/2022,123
03/14/2022,172
03/15/2022,143
03/16/2022,150
03/17/2022,142
03/18/2022,190
03/19/2022,154
03/20/2022,153
03/21/2022,171
03/22/2022,118
03/23/2022,124
03/24/2022,133
03/25/2022,132
03/26/2022,129
03/27/2022,119
03/28/2022,136
03/29/2022,135
03/30/2022,116
03/31/2022,128
04/01/2022,152
04/02/2022,132
04/03/2022,118
04/04/2022,121
04/05/2022,106
04/06/2022,116
04/07/2022,132
04/08/2022,174
04/09/2022,153
04/10/2022,151
04/11/2022,121
04/12/2022,166
04/13/2022,165
04/14/2022,168
04/15/2022,161
04/16/2022,146
04/17/2022,134
04/18/2022,100
04/19/2022,103
04/20/2022,152
04/21/2022,109
04/22/2022,131
04/23/2022,126
04/24/2022,144
04/25/2022,123
04/26/2022,116
04/27/2022,137
04/28/2022,159
04/29/2022,180
04/30/2022,157
05/01/2022,145
05/02/2022,146
05/03/2022,137
05/04/2022,101
05/05/2022,152
05/06/2022,194
05/07/2022,116
05/08/2022,114
05/09/2022,145
05/10/2022,142
05/11/2022,137
05/12/2022,153
05/13/2022,172
05/14/2022,136
05/15/2022,189
05/16/2022,143
05/17/2022,181
05/18/2022,185
05/19/2022,150
05/20/2022,163
05/21/2022,160
05/22/2022,158
05/23/2022,162
05/24/2022,145
05/25/2022,164
05/26/2022,136
05/27/2022,146
05/28/2022,151
05/29/2022,157
05/30/2022,165
05/31/2022,163
06/01/2022,148
06/02/2022,144
06/03/2022,155
06/04/2022,177
06/05/2022,148
06/06/2022,171
06/07/2022,155
06/08/2022,156
06/09/2022,165
06/10/2022,196
06/11/2022,194
06/12/2022,126
06/13/2022,166
06/14/2022,151
06/15/2022,234
06/16/2022,125
06/17/2022,165
06/18/2022,208
06/19/2022,200
06/20/2022,152
06/21/2022,133
06/22/2022,147
06/23/2022,158
06/24/2022,165
06/25/2022,165
06/26/2022,201
06/27/2022,150
06/28/2022,179
06/29/2022,177
06/30/2022,176
07/01/2022,167
07/02/2022,149
07/03/2022,118
07/04/2022,157
07/05/2022,153
07/06/2022,166
07/07/2022,169
07/08/2022,174
07/09/2022,119
07/10/2022,115
07/11/2022,174
07/12/2022,159
07/13/2022,200
07/14/2022,138
07/15/2022,184
07/16/2022,168
07/17/2022,168
07/18/2022,146
07/19/2022,176
07/20/2022,163
07/21/2022,219
07/22/2022,163
07/23/2022,164
07/24/2022,151
07/25/2022,142
07/26/2022,141
07/27/2022,134
07/28/2022,162
07/29/2022,137
07/30/2022,141
07/31/2022,163
08/01/2022,138
08/02/2022,162
08/03/2022,192
08/04/2022,171
08/05/2022,177
08/06/2022,167
08/07/2022,120
08/08/2022,178
08/09/2022,156
08/10/2022,150
08/11/2022,152
08/12/2022,194
08/13/2022,166
08/14/2022,163
08/15/2022,137
08/16/2022,161
08/17/2022,169
08/18/2022,161
08/19/2022,183
08/20/2022,159
08/21/2022,145
08/22/2022,119
08/23/2022,146
08/24/2022,92
08/25/2022,161
08/26/2022,147
08/27/2022,159
08/28/2022,170
08/29/2022,145
08/30/2022,165
08/31/2022,175
09/01/2022,142
09/02/2022,157
09/03/2022,187
09/04/2022,141
09/05/2022,131
09/06/2022,186
09/07/2022,113
09/08/2022,154
09/09/2022,180
09/10/2022,153
09/11/2022,154
09/12/2022,144
09/13/2022,144
09/14/2022,174
09/15/2022,160
09/16/2022,188
09/17/2022,146
09/18/2022,155
09/19/2022,135
09/20/2022,131
09/21/2022,169
09/22/2022,129
09/23/2022,169
09/24/2022,123
09/25/2022,156
09/26/2022,142
09/27/2022,106
09/28/2022,150
09/29/2022,183
09/30/2022,163
10/01/2022,169
10/02/2022,121
10/03/2022,130
10/04/2022,139
10/05/2022,154
10/06/2022,195
10/07/2022,166
10/08/2022,170
10/09/2022,102
10/10/2022,105
10/11/2022,137
10/12/2022,155
10/13/2022,162
10/14/2022,200
10/15/2022,140
10/16/2022,132
10/17/2022,140
10/18/2022,127
10/19/2022,159
10/20/2022,146
10/21/2022,152
10/22/2022,156
10/23/2022,103
10/24/2022,169
10/25/2022,164
10/26/2022,128
10/27/2022,155
10/28/2022,157
10/29/2022,133
10/30/2022,134
10/31/2022,135
11/01/2022,149
11/02/2022,198
11/03/2022,174
11/04/2022,160
11/05/2022,176
11/06/2022,141
11/07/2022,168
11/08/2022,117
11/09/2022,126
11/10/2022,142
11/11/2022,148
11/12/2022,151
11/13/2022,117
11/14/2022,120
11/15/2022,143
11/16/2022,147
11/17/2022,122
11/18/2022,139
11/19/2022,157
11/20/2022,105
11/21/2022,152
11/22/2022,127
11/23/2022,166
11/24/2022,81
11/25/2022,116
11/26/2022,155
11/27/2022,127
11/28/2022,130
11/29/2022,109
11/30/2022,144
12/01/2022,138
12/02/2022,149
12/03/2022,130
12/04/2022,124
12/05/2022,125
12/06/2022,177
12/07/2022,168
12/08/2022,126
12/09/2022,169
12/10/2022,153
12/11/2022,129
12/12/2022,141
12/13/2022,148
12/14/2022,118
12/15/2022,193
12/16/2022,197
12/17/2022,135
12/18/2022,120
12/19/2022,144
12/20/2022,134
12/21/2022,138
12/22/2022,164
12/23/2022,169
12/24/2022,113
12/25/2022,71
12/26/2022,91
12/27/2022,89
12/28/2022,118
12/29/2022,129
12/30/2022,133
12/31/2022,145
01/01/2023,138
01/02/2023,121
01/03/2023,103
01/04/2023,112
01/05/2023,132
01/06/2023,132
01/07/2023,84
01/08/2023,85
01/09/2023,113
01/10/2023,134
01/11/2023,96
01/12/2023,142
01/13/2023,164
01/14/2023,98
01/15/2023,115
01/16/2023,115
01/17/2023,105
01/18/2023,150
01/19/2023,151
01/20/2023,111
01/21/2023,122
01/22/2023,142
01/23/2023,156
01/24/2023,114
01/25/2023,132
01/26/2023,109
01/27/2023,108
01/28/2023,110
01/29/2023,96
01/30/2023,116
01/31/2023,121
02/01/2023,124
02/02/2023,146
02/03/2023,142
02/04/2023,107
02/05/2023,108
02/06/2023,128
02/07/2023,120
02/08/2023,145
02/09/2023,101
02/10/2023,177
02/11/2023,120
02/12/2023,102
02/13/2023,156
02/14/2023,138
02/15/2023,140
02/16/2023,137
02/17/2023,151
02/18/2023,109
02/19/2023,138
02/20/2023,108
02/21/2023,146
02/22/2023,105
02/23/2023,116
02/24/2023,120
02/25/2023,111
02/26/2023,119
02/27/2023,120
02/28/2023,101
03/01/2023,165
03/02/2023,117
03/03/2023,143
03/04/2023,134
03/05/2023,147
03/06/2023,148
03/07/2023,141
03/08/2023,107
03/09/2023,153
03/10/2023,152
03/11/2023,131
03/12/2023,121
03/13/2023,180
03/14/2023,139
03/15/2023,170
03/16/2023,139
03/17/2023,190
03/18/2023,103
03/19/2023,118
03/20/2023,145
03/21/2023,124
03/22/2023,112
03/23/2023,150
03/24/2023,136
03/25/2023,124
03/26/2023,157
03/27/2023,125
03/28/2023,126
03/29/2023,117
03/30/2023,137
03/31/2023,144
04/01/2023,157
04/02/2023,142
04/03/2023,150
04/04/2023,180
04/05/2023,167
04/06/2023,121
04/07/2023,150
04/08/2023,128
04/09/2023,111
04/10/2023,112
04/11/2023,123
04/12/2023,132
04/13/2023,132
04/14/2023,180
04/15/2023,119
04/16/2023,120
04/17/2023,148
04/18/2023,107
04/19/2023,135
04/20/2023,161
04/21/2023,175
04/22/2023,144
04/23/2023,141
04/24/2023,160
04/25/2023,136
04/26/2023,163
04/27/2023,144
04/28/2023,171
04/29/2023,171
04/30/2023,129
05/01/2023,131
05/02/2023,131
05/03/2023,143
05/04/2023,134
05/05/2023,158
05/06/2023,201
05/07/2023,173
05/08/2023,158
05/09/2023,152
05/10/2023,157
05/11/2023,167
05/12/2023,203
05/13/2023,172
05/14/2023,154
05/15/2023,156
05/16/2023,169
05/17/2023,193
05/18/2023,196
05/19/2023,167
05/20/2023,177
05/21/2023,152
05/22/2023,147
05/23/2023,146
05/24/2023,178
05/25/2023,148
05/26/2023,154
05/27/2023,165
05/28/2023,193
05/29/2023,147
05/30/2023,141
05/31/2023,139
06/01/2023,206
06/02/2023,165
06/03/2023,112
06/04/2023,131
06/05/2023,120
06/06/2023,163
06/07/2023,127
06/08/2023,121
06/09/2023,160
06/10/2023,174
06/11/2023,150
06/12/2023,154
06/13/2023,139
06/14/2023,182
06/15/2023,188
06/16/2023,170
06/17/2023,152
06/18/2023,170
06/19/2023,139
06/20/2023,184
06/21/2023,155
06/22/2023,121
06/23/2023,135
06/24/2023,183
06/25/2023,155
06/26/2023,150
06/27/2023,145
06/28/2023,145
06/29/2023,134
06/30/2023,166
07/01/2023,161
07/02/2023,132
07/03/2023,150
07/04/2023,145
07/05/2023,190
07/06/2023,163
07/07/2023,158
07/08/2023,143
07/09/2023,160
07/10/2023,169
07/11/2023,191
07/12/2023,156
07/13/2023,165
07/14/2023,185
07/15/2023,140
07/16/2023,156
07/17/2023,185
07/18/2023,153
07/19/2023,153
07/20/2023,164
07/21/2023,221
07/22/2023,178
07/23/2023,154
07/24/2023,173
07/25/2023,165
07/26/2023,169
07/27/2023,156
07/28/2023,169
07/29/2023,175
07/30/2023,199
07/31/2023,158
08/01/2023,166
08/02/2023,141
08/03/2023,153
08/04/2023,165
08/05/2023,141
08/06/2023,140
08/07/2023,144
08/08/2023,141
08/09/2023,144
08/10/2023,192
08/11/2023,155
08/12/2023,205
08/13/2023,161
08/14/2023,171
08/15/2023,166
08/16/2023,142
08/17/2023,126
08/18/2023,202
08/19/2023,199
08/20/2023,143
08/21/2023,147
08/22/2023,147
08/23/2023,142
08/24/2023,120
08/25/2023,135
08/26/2023,193
08/27/2023,127
08/28/2023,129
08/29/2023,135
08/30/2023,143
08/31/2023,185
09/01/2023,180
09/02/2023,175
09/03/2023,170
09/04/2023,159
09/05/2023,180
09/06/2023,169
09/07/2023,163
09/08/2023,124
09/09/2023,153
09/10/2023,141
09/11/2023,144
09/12/2023,154
09/13/2023,145
09/14/2023,160
09/15/2023,159
09/16/2023,161
09/17/2023,115
09/18/2023,146
09/19/2023,173
09/20/2023,183
09/21/2023,157
09/22/2023,176
09/23/2023,128
09/24/2023,163
09/25/2023,124
09/26/2023,181
09/27/2023,189
09/28/2023,179
09/29/2023,184
09/30/2023,132
10/01/2023,156
10/02/2023,154
10/03/2023,191
10/04/2023,184
10/05/2023,180
10/06/2023,157
10/07/2023,160
10/08/2023,120
10/09/2023,120
10/10/2023,156
10/11/2023,170
10/12/2023,166
10/13/2023,193
10/14/2023,170
10/15/2023,166
10/16/2023,140
10/17/2023,167
10/18/2023,138
10/19/2023,158
10/20/2023,203
10/21/2023,168
10/22/2023,188
10/23/2023,167
10/24/2023,132
10/25/2023,169
10/26/2023,177
10/27/2023,170
10/28/2023,213
10/29/2023,135
10/30/2023,154
10/31/2023,147
11/01/2023,152
11/02/2023,122
11/03/2023,177
11/04/2023,156
11/05/2023,136
11/06/2023,169
11/07/2023,131
11/08/2023,168
11/09/2023,140
11/10/2023,113
11/11/2023,156
11/12/2023,118
11/13/2023,187
11/14/2023,166
11/15/2023,158
11/16/2023,162
11/17/2023,164
11/18/2023,148
11/19/2023,186
11/20/2023,149
11/21/2023,221
11/22/2023,185
11/23/2023,113
11/24/2023,123
11/25/2023,120
11/26/2023,112
11/27/2023,139
11/28/2023,113
11/29/2023,146
11/30/2023,151
12/01/2023,166
12/02/2023,143
12/03/2023,147
12/04/2023,142
12/05/2023,128
12/06/2023,117
12/07/2023,132
12/08/2023,142
12/09/2023,198
12/10/2023,147
12/11/2023,173
12/12/2023,173
12/13/2023,133
12/14/2023,153
12/15/2023,172
12/16/2023,146
12/17/2023,132
12/18/2023,176
12/19/2023,159
12/20/2023,178
12/21/2023,146
12/22/2023,161
12/23/2023,124
12/24/2023,118
12/25/2023,102
12/26/2023,104
12/27/2023,142
12/28/2023,188
12/29/2023,154
12/30/2023,118
12/31/2023,95
01/01/2024,161
01/02/2024,119
01/03/2024,149
01/04/2024,121
01/05/2024,103
01/06/2024,129
01/07/2024,98
01/08/2024,142
01/09/2024,155
01/10/2024,112
01/11/2024,166
01/12/2024,175
01/13/2024,134
01/14/2024,115
01/15/2024,122
01/16/2024,118
01/17/2024,162
01/18/2024,116
01/19/2024,136
01/20/2024,128
01/21/2024,116
01/22/2024,133
01/23/2024,104
01/24/2024,143
01/25/2024,123
01/26/2024,176
01/27/2024,116
01/28/2024,144
01/29/2024,110
01/30/2024,106
01/31/2024,125
02/01/2024,127
02/02/2024,156
02/03/2024,155
02/04/2024,131
02/05/2024,153
02/06/2024,149
02/07/2024,124
02/08/2024,128
02/09/2024,168
02/10/2024,94
02/11/2024,106
02/12/2024,148
02/13/2024,76
02/14/2024,164
02/15/2024,112
02/16/2024,111
02/17/2024,112