Beta,b1,b2,b3,b4,b5,b6,b7,b8,c1,c2,c3,c4,c5,mu_SV,mu_EPI,mu_PR,mu_IR,mu_RS,alpha,rho,eta,N,tau,gamma,loglik,loglik.se
1.01,1.846439032505129,0.5342513220044804,1.7368542399854763,0.03644936617046088,0.9920020416353525,1.1351012514756176,16.180741045726034,18.661809704580257,3.3374551441501246,0.16134865782421537,1.8826637444933292,207.66641624198996,0.4046603167328325,0.5,0.1307875892486953,0.93,0.98,0.5,0.4,0.9461108207168129,0.8306604160631008,2269675,0.6927212436915032,0.9811648087738801,-1376.6747718096824,0.005602105844752928
1.01,0.7826965959718617,0.6647134551817677,0.9588796843848943,0.40574493801158257,0.6649763114765928,1.062986129057704,0.6485824165119138,0.7336041617852948,0.4300067442891125,0.36978462267071577,0.565828193605937,0.27810655275424245,0.9161882729915642,0.5,0.4935332925517687,0.93,0.98,0.5,0.4,0.9373330280679935,0.9794340406122123,2269675,0.692618764665553,0.8063564767012275,-1376.7260474443779,0.020848076300944984
1.01,1.6867114095591602,0.48813139864504146,1.4096407376187248,0.058759231079272195,0.8186741346880496,1.0103781727844143,13.938038755306493,20.705574337557167,0.4391077196849994,1.6609067611320538,0.1674363026651536,286.34817792370103,39.312833747287165,0.5,0.1166568982161278,0.93,0.98,0.5,0.4,0.9599739862032244,0.9611736054763433,2269675,0.677686514216375,0.9810434529974108,-1377.3053662001241,0.004941091762533578
1.01,2.3349928697242324,0.27359415706135687,2.0563846301077735,0.018009634199361767,0.9060196491640099,1.2112862010215604,23.815871145563,27.999759041514167,3.6194651205374577,0.4061996773869567,0.14775550105352694,316.892394959814,23.168009063291073,0.5,0.10149716940730409,0.93,0.98,0.5,0.4,0.9589302299468816,0.8156645037921032,2269675,0.6720343975492917,0.9882826274902745,-1378.8003829003053,0.008730955028274071
1.01,1.6411766061156718,0.39588446787185,1.5576822760837525,0.09390410807809584,0.7543811977499946,1.1000704081186745,12.176544067296181,18.768664646254177,1.9632653907469582,2.3212594860194002,1.1730245427344141,163.80825111839115,3.807010154334187,0.5,0.1296189215950649,0.93,0.98,0.5,0.4,0.8779908556394338,0.9643292204275535,2269675,0.5522895733547352,0.9820812158854292,-1379.2754554990343,0.011098489685770341
1.01,1.5668369289740576,0.437274093776016,1.5876835300245016,0.06675941718336126,0.7373756524291457,1.1785282945819435,8.382735009387163,10.811715015488112,0.48192185834242623,0.2040502500955327,0.6211678296247802,156.66347673546613,1.0733121864914505,0.5,0.14221008202732374,0.93,0.98,0.5,0.4,0.8808158075271434,0.9341885546374563,2269675,0.628432849563626,0.9628610026482628,-1379.3574732887166,0.005233851262497898
1.01,1.901147947466646,0.321610145089647,1.5510005180582522,0.006791084337392447,1.0820404744074887,1.2513675562370545,20.163846069628093,21.436793172133658,22.80870139478666,1.2905934785806934,0.021135586215935236,265.9525824041443,7.490671011077306,0.5,0.1214664468626464,0.93,0.98,0.5,0.4,0.9016613249377522,0.9453147874695389,2269675,0.5623272793567247,0.9852864026232531,-1379.6439169659857,0.005468582111606663
1.01,2.641750124371924,0.08959238950729384,2.1022365054792616,0.05178763986317388,1.2022309788390826,1.9500261068280884,128.55212336139323,342.4037603568638,34.23055449340942,2.8796187246948306,5.064690329357325,222.5598459219631,0.7245553326830333,0.5,0.0923016430647574,0.93,0.98,0.5,0.4,0.7779449229200432,0.882199899716032,2269675,0.5029468032982274,0.9995767252618867,-1381.1894540833093,0.01134600150319741
1.01,1.4325856963027959,0.4238848468148568,1.3860487464690683,0.15919288981641377,0.6646173367722537,1.252156762034071,5.4310092550712215,6.389009203219168,2.884884526297048,3.901492471978574,0.8637431681675942,129.5842026003606,1.5889095910257836,0.5,0.15068910869477353,0.93,0.98,0.5,0.4,0.9982205422765833,0.9921934356512399,2269675,0.6848900708072457,0.9356095935997603,-1381.5922676382786,0.009833634784315662
1.01,1.3772217912165778,0.43283839631138354,1.244752470644193,0.2143257191619507,0.688439498950577,1.1035586404788138,7.702383356835062,7.530861268197515,0.17875421513441556,5.034547308984642,2.648250800456532,177.4612281817175,0.5719296952870073,0.5,0.16351388169912895,0.93,0.98,0.5,0.4,0.9987413360628246,0.9920051576970091,2269675,0.6280636894861931,0.9464425487513617,-1381.9768460059177,0.005592854388402454
1.01,2.664593051097307,0.4018405794286214,2.2544315673504083,0.008601401069760487,1.0061431025342162,1.7098417813861515,23.08919051504428,37.10997899071016,2.9290940237183483,3.446614557989079,0.23609217086825124,223.30891007692261,35.31062113126487,0.5,0.10043940917117958,0.93,0.98,0.5,0.4,0.9134841287477816,0.7522685006028879,2269675,0.5649173136133616,0.9884048915299175,-1382.200305698977,0.009080312187074537
1.01,1.6729995245781586,0.42513042631115,1.5608577102490198,0.0736019204258114,0.8792231643610472,1.1201374873957168,7.394364485875411,9.505575023312993,0.46385539025904315,0.40285778455121996,1.287689056505545,121.5561160349699,1.184240023156463,0.5,0.14685605485185463,0.93,0.98,0.5,0.4,0.8543030743001009,0.9040164296327732,2269675,0.5912141311248816,0.9533208318079237,-1382.2754856877,0.006069240838904143
1.01,1.7594449603734768,0.7063594971117417,1.721654469519175,0.0384831868916767,0.9860254891965056,1.6295027631564167,7.72730313320311,8.713414273911702,8.40036687269847,0.10645946514540874,1.359878773931501,148.06317397637878,9.297064828322991,0.5,0.1349568069680301,0.93,0.98,0.5,0.4,0.9670100429419374,0.7952339281039427,2269675,0.6667201530116245,0.9376675284935326,-1382.8012513340884,0.006254581094772463
1.01,2.2505642853749,0.39402818143777857,1.8828427812155661,0.05557189311023395,1.0394013923252625,1.3806082364937953,14.788209351260285,20.208652972850135,0.04686954454844167,3.7171974168016657,0.5607583674896822,135.94713828825084,8.935140827275873,0.5,0.12545748362377612,0.93,0.98,0.5,0.4,0.8185477387260096,0.7835868349081276,2269675,0.5164527190004956,0.9772623174521304,-1382.9733375897545,0.012339309243571916
1.01,1.6773254136947184,0.5629096134665819,1.651418285492684,0.08901795591554595,0.7762902513034354,1.5903283347290498,4.032260015407049,5.1745097688860255,1.5450538404708125,0.686764298965593,0.1364903467106122,157.76255934168108,7.43819027251173,0.5,0.1287918473080591,0.93,0.98,0.5,0.4,0.9941499231492137,0.860256893372792,2269675,0.7501423886093606,0.8977995341499505,-1383.1907890523037,0.006518115388781873
1.01,1.3880238594278131,0.8045762087722543,1.2953416861425453,0.309381679223195,0.7111081043266326,1.5296075527931854,2.808881220337677,3.7975217255376594,0.05810935723936262,0.3735277521071344,0.5437466724913713,70.55403865439766,0.050098434799213096,0.5,0.15972144003361266,0.93,0.98,0.5,0.4,0.9934400731815144,0.8464084323637813,2269675,0.7093876757262564,0.8481543742625309,-1383.2194626482894,0.008130374223812756
1.01,1.6341174805785217,0.6247428767957431,1.6282494260206175,0.13381183436932886,0.7578069803009666,1.664465690068501,4.649664754300084,5.78233121238757,5.64357482948608,0.5647801361903138,0.27775009625415636,106.80621080750007,6.554040891328447,0.5,0.13869884643726282,0.93,0.98,0.5,0.4,0.9458025166935601,0.8403730580875417,2269675,0.6733923919850856,0.9077938158759266,-1383.2318007892977,0.007190271798199897
1.01,1.7520571911301526,0.5530207547701881,1.7528573307176814,0.04994278930929394,0.8837875048227388,1.843263679195311,5.884713851592409,6.1550153730767985,4.2268951855898145,8.438463670700974,2.556185113293737,98.92199844600063,0.4460112249170381,0.5,0.1268123823283277,0.93,0.98,0.5,0.4,0.9751446778508919,0.8320315182344323,2269675,0.7272748711747606,0.9255692014252033,-1383.7229892779337,0.0049059750635982256
1.01,2.0976937249591696,0.38134287773750714,2.0868973675050406,0.010973673184334135,0.8199423379119789,1.5356328284171856,8.689319388328576,8.713269063132719,0.3440585920477209,0.04018734954018796,0.29252385425228905,146.682322806899,1.494598372737403,0.5,0.12381903906156654,0.93,0.98,0.5,0.4,0.9248998987721669,0.8116744666712729,2269675,0.6039893471673415,0.9470884802502608,-1383.9410726635758,0.00711005110967776
1.01,1.6365631526564386,0.4267288979391168,1.6201110247479638,0.09783132545256838,0.6878306357848788,1.393298410127282,3.8404728139129505,5.649218200186307,0.09905881088046088,0.5915875305014172,0.13915073899821598,93.55979781522677,4.646189395735349,0.5,0.1431604990422841,0.93,0.98,0.5,0.4,0.8860825811412435,0.9130414279043745,2269675,0.6260025519960282,0.9059463441029652,-1384.1470853317794,0.005679514474249504
1.01,1.871679334840528,0.4258396685789607,1.7952425488813744,0.12387252558011973,0.8335148369314324,1.4177812713538924,8.35997475660199,10.284542741774802,2.7963743785079926,0.937286045082408,0.7785124987836608,131.53844671482673,22.72678827477474,0.5,0.13087224822892857,0.93,0.98,0.5,0.4,0.8502345445701314,0.8474125669583752,2269675,0.5997215960310708,0.9492107019944609,-1384.1614754278191,0.005665520845533733
1.01,2.1153189827196583,0.20773759624071259,1.643830810500731,0.03302920962609732,0.9772292457863143,1.2514407709645876,29.207909167785644,79.44589585323027,9.096051107459893,4.5569110999444575,0.4941097667926452,146.19034746135492,1.9894715085612542,0.5,0.1195511660241025,0.93,0.98,0.5,0.4,0.6360733519725024,0.9715221190137409,2269675,0.4038238495936745,0.9960500071402272,-1384.3138075946054,0.009202964469197527
1.01,1.7381819165434398,0.5634199125949453,1.8910263592730303,0.05065766234886684,0.8709731816866145,1.989810660801533,2.382467038009334,3.3339913097962994,2.6574387995268403,4.17678643078999,0.7299668154997032,61.22180950053665,2.3467916379008975,0.5,0.1412780949817613,0.93,0.98,0.5,0.4,0.9856915008194713,0.7904754423839571,2269675,0.7063829909918256,0.8077839986966359,-1384.7344605308874,0.00631062743700071
1.01,1.8279313920464475,0.6067322881175595,1.86468035224593,0.007552057923196419,0.7994103015430675,1.867950046838686,3.6001472808590775,4.810995637793995,0.4846413738643623,0.14178454530992018,0.25206759703591936,116.29653181363904,11.611980994141714,0.5,0.12406530621654936,0.93,0.98,0.5,0.4,0.9871421889330317,0.7983337979914753,2269675,0.6927768714440842,0.8764267013706261,-1384.9011672340878,0.007609112851637561
1.01,2.5107040672527794,0.14450084527765417,1.8182608853500177,0.07837731263311319,0.8544718733848508,1.109347149993994,26.411230508502783,41.93049821283841,1.4237117499334808,0.2554739249649817,0.7071161106092251,138.31475604671732,0.07513855930786036,0.5,0.11577051799684172,0.93,0.98,0.5,0.4,0.5587346560236235,0.9117606628556177,2269675,0.38279197458032005,0.9924382747963161,-1385.061105795291,0.006063209595878975
1.01,1.6764606917053877,0.6196869756440319,1.592183276763638,0.12120504953995853,0.7549901075198907,1.7832525583908072,2.6970035888643658,3.475797373870821,2.654425892998512,0.5871620284123896,0.667346485468536,92.20227191567803,9.39138103606136,0.5,0.1348103430129358,0.93,0.98,0.5,0.4,0.9691724944819164,0.8323749581632013,2269675,0.7077720466692472,0.8289339651552032,-1385.157510259235,0.004843301769120404
1.01,1.6837928676083433,0.5338180215821956,1.7139888436108044,0.08657790882452719,0.8083523833163637,2.8118586146536657,0.530147121348046,1.0820831405389695,35.73849724581651,1.2244289830666133,0.6063797670892773,0.9388821589064736,2.881622430088917,0.5,0.12810680166420388,0.93,0.98,0.5,0.4,0.974703780181711,0.8558962053076921,2269675,0.7739109804794236,0.8067983310793115,-1385.206637324422,0.003543591342204939
1.01,1.895536987596106,0.45094827258325554,1.6648268699785793,0.0802125152642386,0.7370034583888476,1.2879221229849407,17.67747969183319,16.754992929869754,0.8959158704416985,0.30810772285799587,0.36081471143642935,280.1556823442071,18.434286605792522,0.5,0.1128464899312623,0.93,0.98,0.5,0.4,0.8376085479445226,0.8963631335779944,2269675,0.5371482238701473,0.9792132665641355,-1385.5534387773246,0.017781336717212572
1.01,1.2373780066783124,0.5300644230685687,1.2337644607617357,0.14349423291746308,0.7766428024959969,1.110422953192859,5.96911035867328,6.2412439459480895,5.702227356167107,2.134091047068357,0.4476091222599777,192.6058995594343,2.973545305791487,0.5,0.15737843391896741,0.93,0.98,0.5,0.4,0.9763151076761426,0.9934846185003151,2269675,0.6893956497711607,0.9343653869793288,-1385.9354238182227,0.020264236459122714
1.01,1.8274240361164895,0.30137815415033437,1.7671008189456956,0.006621660519219347,0.674291409234749,1.5708225586184392,5.178523352716589,5.126691932164606,7.743875403854215,1.3978216260581298,0.0905375985615336,146.05314077498537,1.2600097083926578,0.5,0.12572506026500785,0.93,0.98,0.5,0.4,0.9283740475448718,0.9388375901163627,2269675,0.6098106982536982,0.9178692488610546,-1386.202944565956,0.005803394880052552
1.01,2.223058746681374,0.44232062033760666,1.7422841769200574,0.13459397647381588,0.7792299053878926,1.7795163797288127,7.224872956287489,6.284179715681259,0.11568730943116876,3.649432389097078,1.3851978469260098,102.58714209163271,1.5046526770115076,0.5,0.1165287086075406,0.93,0.98,0.5,0.4,0.860582000594971,0.8204662757676895,2269675,0.5762079205246421,0.9305620738251631,-1386.3106662540526,0.006722242920339897
1.01,2.3830960631772014,0.5308692055075711,2.1582164193231477,0.06284383524049854,0.9479028525307339,2.128276749317944,6.114123034127733,5.936892091978685,4.266219239869181,0.48583138731401254,0.03137033518697865,101.98628090243416,0.7962540253001609,0.5,0.11829900068719183,0.93,0.98,0.5,0.4,0.8663044847789391,0.7211726002176951,2269675,0.5771323248506673,0.9016854503157521,-1386.524552984202,0.005749633919110375
1.01,1.5488041825230856,0.4537106337630961,1.4154539382312932,0.09606248519171587,0.6985238206583971,1.5301854933637504,2.993186173104422,3.822100942177045,1.266820080934257,4.972054789875767,0.262856394271317,100.02971949978131,0.3963901400318055,0.5,0.13802097200755292,0.93,0.98,0.5,0.4,0.9126875854992981,0.95033513380281,2269675,0.6325517719755552,0.8697186239331643,-1386.7020194902855,0.007771046465632252
1.01,1.9621590902456985,0.6112193972765897,1.5563096883838134,0.10562770795854379,0.8939073734347247,2.464939920726773,2.8601798390064674,4.51982626337785,22.247557298130566,1.4969397308539603,1.0332218018468617,71.53090932055187,11.30294153921241,0.5,0.12237200998553965,0.93,0.98,0.5,0.4,0.9542727072080244,0.8093576616000397,2269675,0.7001477636351919,0.8682819129066097,-1386.712948423543,0.0046424728724339375
1.01,2.480350613574676,0.17108627099573293,2.061527464530421,0.0010110856314313242,0.5982420078700992,1.8938665048840317,5.16047538862309,4.04717286380745,0.471376876119819,0.8128127877820599,0.672868970164096,101.259001220849,1.3771325246835722,0.5,0.08983246432148659,0.93,0.98,0.5,0.4,0.9839569032517674,0.8678272940108809,2269675,0.7377885789174611,0.9261622807493748,-1387.3761312611039,0.006598688727638043
1.01,2.3755448627877858,0.022942233385859497,1.8369395793962193,0.01869209784567896,0.8416340851929041,1.257884753144375,26.287614618779493,50.183772976052474,5.010938933518097,4.770723063473044,0.5778385774016648,167.08564427414706,11.728276702150113,0.5,0.10632371412524777,0.93,0.98,0.5,0.4,0.6138346711582578,0.9892438735796916,2269675,0.42588336708924873,0.9943673781818826,-1387.54262987678,0.01215772701953841
1.01,1.7589073985246721,0.5394266674352333,1.6493298930228966,0.06902883250980282,0.754805683416537,1.783094218554574,3.4585906196013605,4.63448286766536,0.07749306415612017,0.9540076520707783,1.6033564030960197,96.06983690284217,0.564256382476697,0.5,0.13000057170622425,0.93,0.98,0.5,0.4,0.9675398641951476,0.8344365699671855,2269675,0.6481221852467354,0.8832882396775401,-1387.9649791847944,0.013989174652475522
1.01,1.6276563396600308,0.3758879197903032,1.492246632057476,0.06844347011134298,0.7248025325754023,1.3341310105417008,7.854553978901203,8.0679205656468,4.895857170079746,0.719469107797161,4.479572637707302,121.80572970802446,0.3207101087358932,0.5,0.14841347981158903,0.93,0.98,0.5,0.4,0.797498483893461,0.9678570740455071,2269675,0.5080786378230217,0.9460949780949951,-1388.0023339507927,0.006554581788028571
1.01,2.324700255019094,0.6487906648860075,2.2186039088170575,0.01952679508600075,0.9776758247681067,2.4946866700471912,4.5435838587313295,4.808956783003661,0.2466662721092975,4.779712248900211,0.7933879626136059,63.479270604042235,0.8401912596157165,0.5,0.12346439702384548,0.93,0.98,0.5,0.4,0.9091864391673731,0.6711001270189069,2269675,0.6330718195524283,0.8585393711234178,-1388.1085502821752,0.008426632678628263
1.01,1.6447801781054256,0.4139040746538613,1.3905765374518002,0.15805220414727203,0.6608346168926511,1.8686312566787264,1.9056045896798608,3.4084604231503666,12.67426269618417,5.213200825983537,0.22421313680982854,43.90554020075939,12.809638015690176,0.5,0.13661194036688531,0.93,0.98,0.5,0.4,0.8491755207990456,0.9829132619073588,2269675,0.608809662106481,0.8481489320831903,-1388.1674557772697,0.009370301090289196
1.01,2.1860256423672273,0.37192394193244455,1.7243017016997757,0.12664086581314485,0.9097551312701743,1.602116653783385,8.165176099797845,13.181853428526592,4.353789567795083,2.3978042331671903,0.11337327609187374,108.19318276144546,67.49790716059037,0.5,0.13310042087703233,0.93,0.98,0.5,0.4,0.724648375703549,0.839303797353728,2269675,0.49898263235776386,0.9492036873910086,-1388.3605422898486,0.00867386457807073
1.01,1.925465261300556,0.30212655428324414,1.625399285572031,0.0069742731694011125,0.6471527833445326,1.6400618110578815,2.6433704876320205,3.903279907387665,0.059050638156142685,0.4454390558915099,0.07900480280728317,51.28757458409157,0.20890746826510811,0.5,0.1264698760085319,0.93,0.98,0.5,0.4,0.7359606348909661,0.9571049663039198,2269675,0.506215572240138,0.8782443523065319,-1388.714704715283,0.004949818507574153
1.01,2.077532944036003,0.4127518106877001,1.7485956288416147,0.05993617163319974,0.5390241011363295,2.2550856144405116,2.3040733668929825,3.1461398835950996,1.5488693996668754,3.309155177939593,0.14578380994816545,106.2462135869709,6.24537087037166,0.5,0.09367179513855843,0.93,0.98,0.5,0.4,0.8910303723375244,0.9087906088813024,2269675,0.6414217586444707,0.8711840092919697,-1389.7372527629532,0.014581988620473678
1.01,2.3669069938670404,0.1603120945621437,2.039783469150872,0.06975505920013617,0.8238248416435919,1.5667321018600957,8.530770634897797,8.991331773463616,2.1310571197430397,1.3173576382711039,0.19779961117266473,71.54659632865251,0.8292023069819303,0.5,0.12803203713995762,0.93,0.98,0.5,0.4,0.6293328837344041,0.8494941349314115,2269675,0.4453508992725586,0.9486072146872546,-1390.3318325068149,0.008602977977770713
1.01,2.300787120596047,0.32742576270681323,1.8022273239820112,0.03327361851608748,0.8438055232577162,2.302795463709022,4.1030114864167,5.6469468093227295,1.9042205569694186,10.150809719930267,0.13038178260836153,54.98599391507405,8.086042361178555,0.5,0.11555472529941543,0.93,0.98,0.5,0.4,0.7732530466790414,0.830197971491005,2269675,0.5350022392354578,0.9067708165480899,-1390.5752032809685,0.006989522643084757
1.01,2.072740086101705,0.2592749402722595,1.722798250630055,0.00677120008429583,0.6155348732283387,1.9048860957296982,3.0536846530174864,3.760617787037419,3.1224393546485816,6.061071066484372,0.10387488549307096,79.2517466353739,11.919420454942943,0.5,0.11344278040488104,0.93,0.98,0.5,0.4,0.7727483805279907,0.9551375392282037,2269675,0.5500073716418941,0.8692334237592478,-1390.6167335526382,0.005452236273912877
1.01,2.977617609883786,0.03211121259650458,2.0916565708689796,0.0529681498542521,0.8499001183517002,1.3892051768935647,17.717705262095784,11.896743853840398,0.025539243244351195,0.20317629684664695,0.32887211167254865,98.09191144623705,0.07027496087134907,0.5,0.11015795459671465,0.93,0.98,0.5,0.4,0.5391043398628105,0.8528148421698926,2269675,0.37513014391271177,0.9704602753811846,-1390.7656641716062,0.0020103387758368635
1.01,1.656981829070488,0.3171270615671577,1.6548600831272964,0.03300777111552644,0.6325181339877001,1.5724928719158766,2.0846183884059304,2.9907411571716755,0.1313344516500878,1.2021951986271466,0.16359415122188792,61.58157539381886,1.009534640428341,0.5,0.1298134432513605,0.93,0.98,0.5,0.4,0.724757334612933,0.9935263301117048,2269675,0.5094747724076788,0.8323938472189817,-1391.637946566638,0.013258404769536518
1.01,2.5262158332005322,0.03386916417608692,1.9245107009777291,0.005958866520567566,0.3894413663692926,2.1149697612849847,1.8598197348947054,2.719137983443037,0.062204986224793625,0.06301843103661907,0.9776043722989929,88.51980376833039,43.94283781632331,0.5,0.08317313519967608,0.93,0.98,0.5,0.4,0.8831231041097677,0.9782863846214447,2269675,0.6375971200951724,0.864304000445149,-1392.0492209895042,0.003877936556626016
1.01,2.1803174115503934,0.1449342147956732,1.7239623793454548,0.09603081889311492,0.6026531024264565,1.8274941186505194,4.309194116457967,7.833557108949549,0.00689579903300325,4.168622737286835,0.6164541919505018,81.21934711031108,55.616371268405565,0.5,0.11636987652882688,0.93,0.98,0.5,0.4,0.7581659220160155,0.9358379552494727,2269675,0.5214716286912677,0.9292280943090547,-1392.2115152022382,0.012521557428512702
1.01,2.584391331220059,0.035787056589304714,2.0614923253271784,0.02586729861484512,0.7590168164055436,1.70253058533278,9.63412304561373,9.826662336361828,1.9077386101862572,3.3124989488280976,0.30171827359933756,69.13405134285729,1.3084157729258485,0.5,0.10907421780460352,0.93,0.98,0.5,0.4,0.6567665531629119,0.8911785011415675,2269675,0.43458348692519433,0.9646065758828747,-1392.2858825934284,0.007799842323017504
1.01,2.5988906921450283,0.3357753344479559,2.0928386395663727,0.04770173358092711,1.097952390000639,2.1836737637400034,10.634423094663147,9.301429090841154,10.143902828210159,0.1917593605263173,1.1068435299875137,58.99697792687803,0.5807392915567295,0.5,0.12353922321681865,0.93,0.98,0.5,0.4,0.5964397160371742,0.7746356459960537,2269675,0.41662176795631284,0.9407896432891061,-1392.3813952094808,0.005154175847304543
1.01,2.4549663440929907,0.01990353569092426,2.086546452587585,0.001460788292812219,0.7691479107044008,1.5121639209623396,9.143517542978408,7.9127320205606075,2.4122721707946386,0.7344562801330478,0.9166379599718842,103.32944612973743,0.13006382803523903,0.5,0.11544361434514763,0.93,0.98,0.5,0.4,0.6791842197049194,0.897380700824506,2269675,0.4769707877384114,0.95119887166402906,-1392.4605660459229,0.009646767197647212
1.01,2.335307333976286,0.2615221951116689,1.6679137056644002,0.05654538508087579,0.6846203313019247,1.7979986931523502,5.038777151798345,4.903922236425022,0.4645840178180547,0.738481600322995,0.14036252857868176,121.57762551237556,0.737670783300589,0.5,0.11402976317718268,0.93,0.98,0.5,0.4,0.6603680811560514,0.9086364128742264,2269675,0.4419061043471619,0.9007595399515206,-1392.771299390498,0.004029462191650592
1.01,2.371861757835629,0.16389824827004917,1.7034246266870272,0.07514196041802654,0.8010697081283831,1.4053782979824256,9.305346165187885,9.315588299489653,0.6300030412313641,0.43525675978498285,0.10832647760131708,74.21072527498288,0.8602575946244231,0.5,0.13078051508609614,0.93,0.98,0.5,0.4,0.5171583454575113,0.9110169826889636,2269675,0.3891258831779453,0.9495851863660245,-1392.9001300719776,0.006778059338977197
1.01,3.2509149459979603,0.12609570504077314,1.392954503380518,0.06168247727900338,1.3118520983918542,1.0573173823546604,41.132174529873495,30.3192006983827,4.359695416296668,0.8571166487840126,0.6222127869345823,88.3745706739636,0.45284741712902077,0.5,0.09608723947119108,0.93,0.98,0.5,0.4,0.43181767164899487,0.9376712537945612,2269675,0.30255901765256293,0.9927422580816736,-1393.5111735971361,0.006872398820175225
1.01,2.8722142817230516,0.015352296681941019,2.196903002676681,0.06820587848748193,0.7796653311274108,2.2334946604309396,6.127800026871477,5.290084346041956,8.665267223306017,0.15207861052947913,0.2968185291584712,64.88393184311022,0.6934643422806984,0.5,0.0971597534515537,0.93,0.98,0.5,0.4,0.7672389641321269,0.8220536188988632,2269675,0.522432181724239,0.9295694226770309,-1394.0883970451082,0.012041917771215356
1.01,3.371687041222504,0.010569644451585187,1.720008050416843,0.04477427546950581,0.8762326415328533,1.4232465626990205,22.690993864172786,12.629294285842795,0.9920863620270385,2.260698783431192,0.330864125053395,76.37235065113518,1.0059024123650617,0.5,0.09083713414116688,0.93,0.98,0.5,0.4,0.46543004074076827,0.9445333180375004,2269675,0.31597515583904673,0.982662696014322,-1394.2172512675438,0.005915730367455891
1.01,2.268384088563192,0.1865255950304743,1.8656289672869046,0.026501298047123343,0.5847119353776308,2.110663021173985,1.770883927002527,3.4670087341629747,0.17947798026062578,1.5360633166042752,0.4071249416471905,72.38900784319931,45.649048620790246,0.5,0.10415377633632024,0.93,0.98,0.5,0.4,0.7319180550578609,0.9254862129922198,2269675,0.4943027935693288,0.8237482648519402,-1394.5224127355982,0.006900007914177322
1.01,2.8548214496152164,0.07528870164314704,1.8774645671745447,0.06707045667230788,0.7154306975361925,1.9089097574721452,9.913903897289801,8.921144759059949,7.016989709169401,1.3581546252023853,0.1357276978139542,119.8801199230777,80.28386662732842,0.5,0.0849504959610129,0.93,0.98,0.5,0.4,0.7502299682733194,0.8855358332142691,2269675,0.516161990980989,0.954909764695096,-1394.9500949129842,0.019804174963742677
1.01,2.37815346851752,0.07883016801461899,1.7110520005701793,0.047544616953030694,0.7018069082142031,1.7146058254989036,5.087487576631675,4.384721046565078,6.803451516105735,0.1491155354691101,0.1815425963303542,61.37561653305641,0.7201096191689531,0.5,0.11751187154655343,0.93,0.98,0.5,0.4,0.5666666438049888,0.9905482978721,2269675,0.4001534522499093,0.9081892378658547,-1394.9814631967472,0.004605375562186254
1.01,5.1940035784786565,0.14277498142074385,2.202372191971351,0.01926990849884487,1.8554454870049848,1.5808913939028983,258.3241065456301,98.46522224597777,1.7469437119695188,0.1442775598725851,0.6365447105576296,4.350657541518709,9.555082254454366,0.5,0.08394458420521027,0.93,0.98,0.5,0.4,0.39781457286860156,0.6808932069323226,2269675,0.2653779343871417,0.8712116348384585,-1395.2499188708534,0.003792064982187822
1.01,5.980972505114323,0.012529495928583075,1.7357321260042926,0.004886460066197645,4.412120804852682,16.67449515734441,6416.086720061782,2.96050262927454,43.602149875206145,32.05046290621398,2.3708709171149316,33.263892933714466,0.550202618176586,0.5,0.06913880978232755,0.93,0.98,0.5,0.4,0.3961175622585727,0.7283407234544284,2269675,0.2821710189365829,0.9409592069209255,-1395.7556374353935,0.004002768860954908
1.01,4.869879644566865,0.017642565094026907,1.9621879532505975,0.03678040850658934,1.4460011812146663,1.654626964496731,1081.6594295565455,44.20999365446138,1.2013029239298376,1.2946823296128125,0.7702982313585345,0.27081713486103737,9.543770903327697,0.5,0.08394631841549013,0.93,0.98,0.5,0.4,0.35273597901139075,0.7675660088157896,2269675,0.25495117329775413,0.8937553499210431,-1396.4109043290334,0.006483970660541166
1.01,2.7773249849892787,0.18140766113080445,2.055008702572133,0.03493501613771412,0.6807196181176184,2.6059893185956344,2.4011686608411282,2.868151647888084,2.647971705019658,0.05547714585704426,0.9417115343771917,46.613881755570716,3.6173494878073185,0.5,0.09590029585626456,0.93,0.98,0.5,0.4,0.6239937157981406,0.8418538405032028,2269675,0.4649918593852047,0.8064509997838721,-1396.6963942345412,0.007493747711695356
1.01,5.148864387034341,0.02583411619979234,1.6839107281425976,0.11646266405121787,1.5776608169830888,2.2474430589097847,2627.1133533174425,3.2296269780809808,2.644259755188962,8.082192441298064,5.845776618806854,9.930630005978049,1.4273695322599924,0.5,0.07295800431088387,0.93,0.98,0.5,0.4,0.36923997156429555,0.8023970030901516,2269675,0.2687279648237186,0.7821964268819049,-1396.779137511218,0.0054620353878277305
1.01,1.9166603112640168,0.2891969426113976,1.644111104995886,0.0908934961260446,0.7014829520651844,1.6459951662444674,2.990261012117081,3.683089391349583,0.5457459357858678,0.18334984739451768,0.3112534597375702,49.34714759102528,0.26500234072874945,0.5,0.16021189198636585,0.93,0.98,0.5,0.4,0.5104078757909527,0.9472620158362196,2269675,0.34255637992404425,0.8045071741194789,-1396.7829760916543,0.00770054493730714
1.01,5.354040653149088,0.012672167279601175,1.72053993589979,0.12038109994394726,1.7407060416029285,1.522810121592051,1688.6099409591727,128.9504409640362,4.126030431560289,0.0994355998530059,0.025817196706885048,2.3744128181185835,100.59851322308619,0.5,0.07777241720951206,0.93,0.98,0.5,0.4,0.34644789249094876,0.7618931076953903,2269675,0.2560422304944264,0.9707722127930145,-1397.3007315016184,0.005088270284301596
1.01,2.8397573697621787,0.13017229778210845,1.852991127168412,0.03662324446667581,0.830817502909926,1.6832742265179752,10.296421196551199,7.288929586893825,0.31552948800137615,0.041161770052519114,0.4041131489942841,64.06132506689626,0.7568596137168796,0.5,0.11859524574804198,0.93,0.98,0.5,0.4,0.4816198746651186,0.8681159083809898,2269675,0.32075637776823984,0.9278380015497706,-1397.4526525798328,0.0074067182962550175
1.01,5.309966246185226,0.1422193155719118,1.676520730884045,0.020557643669050264,1.8754764964063815,1.7006463416117152,1824.5974272935734,30.46930912619222,4.210355675839844,0.750638758137933,1.2259434495710464,16.534968692223202,3.4315956645898926,0.5,0.08235660653791045,0.93,0.98,0.5,0.4,0.3466367117910745,0.7428450336538499,2269675,0.25934278683212475,0.8330749626908678,-1397.5193323236351,0.0030280594500276163
1.01,5.8620068059349695,0.05993049238966915,1.6235167100277705,0.022174323230558984,1.6136978131730362,1.4008797462941522,19151.904392402514,4.526686201502607,0.8858869840727988,0.026089233683800693,0.017254735136014845,7.892425006148502,4.587366914833525,0.5,0.06755002877920749,0.93,0.98,0.5,0.4,0.35305075166715394,0.7869453986953548,2269675,0.2560102133943684,0.8103545316835377,-1397.683041222547,0.003957121653722404
1.01,4.846591902285903,0.05457471753834611,1.8427617948100916,0.09684832916010838,1.8400830084878688,3.8559998606134465,1200.989698496116,1721.9161513971187,4.007748438239576,18.040509322483402,8.034891057781966,16.884901111319277,14.228002728057987,0.5,0.08669485117421835,0.93,0.98,0.5,0.4,0.3464636422767585,0.7779831908478583,2269675,0.2605458801653968,0.8420213653470884,-1397.7625367892497,0.003469792395421699
1.01,2.2871822643088806,0.15722981785249726,1.7173283959382748,0.07389540468968941,0.6809703115487055,1.892736057587632,3.059530411233277,3.5154326116630505,1.503615484286965,1.2361917661172286,0.5275787955685481,38.22442047481069,0.6061075863755969,0.5,0.13335038379609376,0.93,0.98,0.5,0.4,0.49969595736453,0.9517919483660462,2269675,0.34850811521094127,0.8198853040576428,-1397.7792583709731,0.00329021768826109
1.01,3.324166206048674,0.0629351083501914,2.2256638952108467,0.12391374225497033,0.5242627254174581,3.0957086250710817,2.049446135175885,2.5480293088695674,0.2654198637004528,0.19362183701530572,1.2296102547737238,38.38910797028972,1.968630015708675,0.5,0.08573324081117464,0.93,0.98,0.5,0.4,0.7243354294793968,0.7783511605405506,2269675,0.48169232745945406,0.7995887696373546,-1397.799397220744,0.011627097181668109
1.01,4.967226233825829,0.10529951934154025,1.0906337653053106,0.1984758519678712,0.6179563998217809,6.675054000816412,993.6522544934264,15.599354338192702,0.34924757554181873,1.911014662230493,138.05561540003444,0.4185483418641592,49.04210423932776,0.5,0.07403556129821624,0.93,0.98,0.5,0.4,0.30225295762257753,0.9230817334191164,2269675,0.22494998144533643,0.8379512815260258,-1398.0029608270509,0.005840118363595152
1.01,4.7276520016908385,0.07838431232513461,1.1040620410331308,0.28634257498327825,0.6066229905087868,6.07718204214508,1457.1745244532765,55.595707849729344,0.8414372074294384,0.1474218797504404,106.4401328997063,0.40511397356492757,89.85135990724316,0.5,0.08012537904504109,0.93,0.98,0.5,0.4,0.2816605438336221,0.9652995293850847,2269675,0.19221840792453418,0.8422151355542685,-1398.2109954444397,0.004906326931574006
1.01,5.216916592676404,0.06802016328273183,1.461070795033477,0.22407898684175098,1.3198001525090868,2.515138866639763,6374.087045056774,3.0965689893286816,9.61529183453158,0.09456702909137042,5.688089075338878,3.7414419910817864,0.14149668685979758,0.5,0.07208721161478265,0.93,0.98,0.5,0.4,0.36070299806151224,0.8109552064623973,2269675,0.2690521990196418,0.860541577764142,-1398.4523480956639,0.004487454543753368
1.01,1.858848182294782,0.19589062986733463,1.5926306712180855,0.05460950984934355,0.7340561901086439,1.1029248938177953,8.809771332163063,8.337203135353697,0.722531367648206,0.1440573963453375,0.5962949646688845,127.86995376377088,0.4882993886424088,0.5,0.14072745618977434,0.93,0.98,0.5,0.4,0.6303657011791044,0.9830538971432692,2269675,0.4126120888169636,0.9501945297970354,-1398.7659049720446,0.043454703237990805
1.01,5.230963341440563,0.0044645956766322555,1.78915338970157,0.11707987820922582,1.6085784224981075,1.5249036351619087,985.1605625627069,10.48309710441434,0.04546585344111235,1.4747611380365109,0.3632830182376078,5.662530933545763,1.2545390092062445,0.5,0.0758805042074436,0.93,0.98,0.5,0.4,0.35792962973887327,0.7699290398542145,2269675,0.24373244643164432,0.8276340854917169,-1398.9623525540112,0.006628617158207496
1.01,5.344831967922763,0.07266009971654194,1.587364958575766,0.1908133442308847,1.214168174690178,1.3891402958236883,655.1316736372546,2.964559218827846,0.5580332812252544,0.5054569836193721,0.30326686355529053,2.4734249706576885,0.5169474026455264,0.5,0.06993802936647821,0.93,0.98,0.5,0.4,0.3624489191939395,0.8285895629230602,2269675,0.26514295144889294,0.919267277718548,-1399.0463930859132,0.004747765143744385
1.01,5.256803617295699,0.022558002980937773,1.309447592706053,0.15923808808459844,1.328703217912008,1.50606263104822,734.6638351643555,1.1947905905712952,4.865080943712263,0.044188228666900226,0.5116083347921165,2.3295658742784373,0.7362485614663893,0.5,0.0667042058063369,0.93,0.98,0.5,0.4,0.36039210295307883,0.8686256215287703,2269675,0.26924523902302344,0.8371824889504595,-1399.6497048167525,0.004875101341282609
1.01,6.545973786712053,0.057405275737049524,1.4261251148790148,0.007778497736575784,1.928281486171196,3.1684919858292364,12112.141402445646,0.8654477506374787,0.06048319909438975,18.320158395936833,1.1217266619946598,0.25935987239111863,10.343450982200643,0.5,0.0561386370057036,0.93,0.98,0.5,0.4,0.38971652201110585,0.7935230939282083,2269675,0.2744159865080123,0.804962199820276,-1399.7162409488662,0.005297583390561887
1.01,4.589343546678556,0.01620024705315298,1.3380647725407735,0.10709293113958064,1.1982501214323544,1.2202988672486748,265.0991728885677,3.368917833997358,0.6111838419067098,0.8953767803337643,0.2900392938209155,10.906012088739615,1.1190435247112809,0.5,0.07724951115817431,0.93,0.98,0.5,0.4,0.3085475392767307,0.9486384957164956,2269675,0.22350263266096448,0.8114309250649874,-1399.8893680879437,0.00437342088263382
1.01,5.037330291627708,0.13208938625259103,1.4274325207293264,0.27796003687792775,1.4130958434012284,1.6690638653086027,4346.543656736717,420.59824839842,0.09475338336875155,0.12514915258275425,4.752624696308978,0.2437351738567199,63.33313799120423,0.5,0.08196474201678097,0.93,0.98,0.5,0.4,0.30955392262895276,0.8076348487051316,2269675,0.2212205610298023,0.7959826324438107,-1399.9162580516372,0.003834226777187685
1.01,5.4502995431966275,0.01414743169348811,1.3560164000618784,0.11617330445403719,1.15277223267703,1.4094842569493775,2084.9236422743647,2.417750092239685,0.9987046917180731,0.10751904787188757,0.04167711869066846,4.571354428173597,2.4513575263894896,0.5,0.06713262475081518,0.93,0.98,0.5,0.4,0.330232658654669,0.8920522131123049,2269675,0.2408153062360837,0.927396844950829,-1400.1205035312955,0.004775810489033717
1.01,5.743204655987233,0.05442294804230682,1.5098792672309507,0.022992194001627178,1.5862719876836402,1.6677338329641946,2923.617142737308,1.6618700851547783,4.383480045660722,0.8757358373461513,0.17022202660708835,0.4227185310806633,9.117648233450675,0.5,0.060592332374908416,0.93,0.98,0.5,0.4,0.40566312391969506,0.793940406102971,2269675,0.3025535028940444,0.8738132980466845,-1400.2866961494412,0.007254224905524443
1.01,5.115461222829395,0.012706725432469725,1.4710371330409453,0.003978794722131828,1.3834027131942488,1.3114546662824447,432.5343372352585,1.8088054689071367,1.1572589471518078,1.4149120446836916,0.3522644063074783,25.723504804920527,2.0089081487966207,0.5,0.07034703985877039,0.93,0.98,0.5,0.4,0.3652047504218507,0.8711932612662867,2269675,0.26636916568421676,0.9077846992654406,-1400.297901926727,0.0038004690149098597
1.01,4.600019023601449,0.06399256733049913,1.3000567485393304,0.08624543450118337,1.1743988339567155,1.2580060502830483,258.2987685480059,2.135163514846598,1.2922713841587872,0.713051660328275,1.6281296083653578,16.40229254968903,0.7032691216623332,0.5,0.074383958292349,0.93,0.98,0.5,0.4,0.3194159980568746,0.9507181025366224,2269675,0.2363425912101147,0.7869298333744326,-1400.3861739862737,0.00482428328160619
1.01,2.984863157623643,0.004661224643361389,1.9706664859617968,0.06927252061925052,0.4612718703719175,3.3981361545842406,2.2727060889007,3.7586783070191068,2.4848055992117137,10.963736899886333,0.07526185823267291,35.42832569269188,5.182485416026014,0.5,0.08905628735420842,0.93,0.98,0.5,0.4,0.6031829387548561,0.8980763114318431,2269675,0.44474788927772607,0.8737308018865871,-1400.538246941673,0.015446315660168554
1.01,4.279016018137623,0.04279728164641083,1.3463404588831234,0.11262257130583396,1.2218429241119584,1.4190044849116643,263.24509415981663,6.662068881816101,0.19896997452940113,4.342630955462663,0.7961342333121119,14.271858952787824,0.2530138342792169,0.5,0.0848098475221693,0.93,0.98,0.5,0.4,0.2910354557963144,0.960501486994883,2269675,0.21282198640223515,0.768777322304684,-1400.735011872533,0.00546528238571466
1.01,5.13057120154029,0.02542003501016466,1.069578825083556,0.2723400653449317,1.5115289961358478,2.5241845576327955,3363.2588513532364,16.87784296879141,15.809708908491325,0.499353474331486,20.603862631147333,0.4054867269741515,185.50890751998892,0.5,0.0766787402455799,0.93,0.98,0.5,0.4,0.3235588575293972,0.9059923031840917,2269675,0.22900510229040888,0.7687487222083749,-1400.832797515679,0.002652104696083056
1.01,4.686736698520637,0.02850086664278636,1.296846742982353,0.1451216684492686,1.2059191739393116,1.1619279643884544,272.7411035354869,5.635280806487549,0.18188326418058665,0.37553180046041257,0.7573696289459865,9.43850294942511,6.6068169840710045,0.5,0.07620733118364868,0.93,0.98,0.5,0.4,0.3066455660069087,0.9487562217170508,2269675,0.2220879724534068,0.7840434766859317,-1400.8676008472576,0.00595922525805824
1.01,5.862971005829097,0.03419744358757368,1.2669233255592385,0.10341288972998032,1.463894473188391,1.3773053436006255,288.64616386919056,1.0463041934886785,2.335555034994976,0.6381419022654704,1.5418646267806353,1.2942225643570557,13.215798462296132,0.5,0.05978546861085066,0.93,0.98,0.5,0.4,0.396330665574321,0.8316272821968318,2269675,0.2882759651709685,0.8281644944932196,-1401.1633732949533,0.005930511835752002
1.01,2.9133906094009867,0.007389812120577615,1.8653216603179232,0.024911393877326674,0.5970883844911767,2.313453140986668,3.099761462254588,2.3599192395232995,1.1396895805466096,2.6430079399715676,0.616826418078701,54.36507242646259,0.2505680296436415,0.5,0.09797733633946852,0.93,0.98,0.5,0.4,0.5401752200268067,0.9551356094259269,2269675,0.35699771947960346,0.7911781360717581,-1401.2530850111925,0.005846008979388519
1.01,4.210339027557048,0.02289551942009363,1.455610124001082,0.0817067391522698,1.2289110103772602,1.233560495278626,252.88046930388887,41.885907812783366,0.22551186848302743,1.0990093415879638,0.4778116746798541,0.33859291417187637,1.8511509161332529,0.5,0.08764221146873688,0.93,0.98,0.5,0.4,0.28177098973066345,0.9555560301906084,2269675,0.20984403502837484,0.7997167785377498,-1401.4662336915944,0.00513212214130072
1.01,3.1646076964431975,0.03155493252609754,2.014221492169199,0.18837966116023833,0.9885641169478976,1.6448371438076341,20.462842684702643,14.961106693976658,2.931393961335316,0.07637796877916296,0.8550958371595627,42.2069021630222,5.2968455823933684,0.5,0.10841657929423199,0.93,0.98,0.5,0.4,0.4370607991115452,0.8356823655001804,2269675,0.3126372951161952,0.9634845072453028,-1401.4673191441161,0.013009866888761237
1.01,4.131423764411272,0.040517257468713,1.5109879102347683,0.08333140523348512,1.0900139778020677,1.4483986322881248,403.8465602585699,75.82676200759381,0.9325755956382707,0.6371963082932763,4.10387759469983,5.7342559199785335,1.2863399834096192,0.5,0.08861848574230764,0.93,0.98,0.5,0.4,0.28268687636430745,0.9500982628143244,2269675,0.2098696442097538,0.7891803259759166,-1401.535546992655,0.0077558114305892
1.01,4.974913811107124,0.008066888195927284,1.3192500891409193,0.014656322569748715,1.6055256222424097,1.481903124364275,207.54050730453514,11.895386475953494,3.9333696615398703,1.3491468583685289,1.5497389110721314,4.2831381604360015,44.72028982989606,0.5,0.07380367798194055,0.93,0.98,0.5,0.4,0.325692679373942,0.8929687267277739,2269675,0.232261311746855,0.7933928198088882,-1401.6313813918223,0.003862258020405676
1.01,4.248077073028142,0.06112655727924211,1.3557468805745212,0.09717909166237598,1.2795607814560546,1.227805542362789,222.89964487491596,21.523235708799177,1.6064100082740649,1.2895550503751154,0.0922342243936322,18.008366796113382,1.3835819212673663,0.5,0.08638309946061899,0.93,0.98,0.5,0.4,0.2856249838690775,0.9519482965634846,2269675,0.2118730530987462,0.7750476268707169,-1401.788522388242,0.0051478873207229
1.01,4.471078592620603,0.010381276272810012,1.486911014214629,0.023531405798788128,1.1779178852916465,1.9748150038251868,8992.810314188335,92.60837437701744,0.9932918576440818,1.1199156509486956,6.8458675200013674,1.9847237241828193,49.94194227263364,0.5,0.08049239535950804,0.93,0.98,0.5,0.4,0.2745001875571875,0.9679546374895731,2269675,0.20760725259313587,0.925380998953524,-1401.898039142354,0.004606931232520194
1.01,6.309127159928602,0.11522934028200196,0.9951890317532404,0.2030348856661768,1.6179103540478594,1.174938554154873,4794.100183112226,0.19254603079224583,0.40048768113614736,2.8396638730666335,0.12637372772383051,7.050652825085458,0.1244689853004358,0.5,0.05598710157389042,0.93,0.98,0.5,0.4,0.36787477198918644,0.8631183018364462,2269675,0.2572613971946535,0.7810441582206852,-1401.9496636149615,0.0024413435000297874
1.01,5.954460732845933,0.03743115732638364,1.0589896267719476,0.07371428880014284,1.3617253050723874,1.3552708945223062,423.7818739504278,6.574451331225397,0.42986270897263995,0.08766502523417984,0.006545862620448497,3.0593597158604227,144.11922079757952,0.5,0.06036091584312102,0.93,0.98,0.5,0.4,0.35025034875305816,0.8992866901566038,2269675,0.24126290977809486,0.8999145598987711,-1402.6024446628478,0.00271355287882667
1.01,4.094157572343335,0.060581368253912304,1.3293994658949602,0.13632588897324205,1.5799333835571117,1.39817605668756,325.2399753698198,2498.1162823273985,12.318242392472381,0.2585178594110194,0.6020189165817965,13.151871536096094,421.84045597330976,0.5,0.09064508183861485,0.93,0.98,0.5,0.4,0.2827071059633959,0.9449185580896844,2269675,0.22080911167244607,0.7887466282924448,-1403.0151119199918,0.004265991664499972
1.01,5.572261313681454,0.04995846191033972,1.129576881985722,0.04306002537801502,1.3909290681969873,1.1451031337396838,221.14252513400933,2.7015077687990385,0.6072511968871179,0.3022058389218551,0.14145948988961526,8.655643165424443,8.089575640481584,0.5,0.06318213004161871,0.93,0.98,0.5,0.4,0.3150325026665681,0.948638432148423,2269675,0.22098270911217116,0.8215892757869571,-1403.0705745205462,0.004333067202121504
1.01,4.470303681134627,0.02819945729207493,1.212227363835739,0.038564040604149925,1.2690660849194395,1.5451911695608733,2167.186683056893,2498.7784606041814,0.08047586283894306,2.262634762656131,4.463731152309937,0.27019684185519977,10.019756437921847,0.5,0.08357492242102568,0.93,0.98,0.5,0.4,0.2727478230732834,0.9829158505819839,2269675,0.20797492209417198,0.8956265852309552,-1403.139524085113,0.0039221409245807325
1.01,6.2601072119290215,0.032537698187971156,1.0387862931771839,0.021384794856255832,2.247447165787241,1.7125558990713494,1081.822019418084,3.1652556766038105,17.766922339256478,0.4690781858374164,0.09864910677782229,40.01679014263029,45.7167523602644,0.5,0.05967949454196697,0.93,0.98,0.5,0.4,0.3381881520826545,0.8697287745104886,2269675,0.2380428509807051,0.8253632763165257,-1403.2762449909096,0.003669931072483511
1.01,5.8142005053243615,0.030172584495557344,1.1460658704457793,0.10136122941343699,1.2069280394159272,1.1913507304368698,208.74433386064678,0.3674555034157387,0.7576428932104302,0.11254837975258568,0.08660150966351747,20.261366066591464,113.42814692786459,0.5,0.05584554062697447,0.93,0.98,0.5,0.4,0.3464494964369994,0.9361947921021192,2269675,0.2540286278936888,0.8441664368941456,-1403.4499651405117,0.006324019670242904
1.01,4.874861704376681,0.04405906004544955,1.2128101311006225,0.15576162318674028,1.4913419951117888,1.5085269529360286,726.2102538351326,35.7098784826684,2.284758350803083,0.9886201193208661,0.26835940989305923,13.894060432678911,18.774501319529694,0.5,0.0782507450820711,0.93,0.98,0.5,0.4,0.279794091920492,0.929903384910213,2269675,0.20943576456866012,0.8150987042867465,-1403.8036102207573,0.006163824113314142
1.01,2.8597594694625577,0.03592788310614247,1.7611211825805158,0.09731242183418588,0.57674848286322,2.391976726496939,2.3133476352327724,4.131930893496864,0.6226977169841458,0.1687232055583571,0.8380846531914208,18.579400607423217,6.499950462767038,0.5,0.11815252924412604,0.93,0.98,0.5,0.4,0.4132557759999234,0.948110112720698,2269675,0.2905617975542769,0.7838841214498253,-1404.7241895948234,0.0023541774111505
1.01,4.053272035405262,0.0064472865253494575,1.2984076294913887,0.1097202690609841,2.46155688178808,2.6153104296000405,2089.4755931716895,12.420394572250233,35.58726331209469,1.6924500020121496,3.3408804326473414,10.235507636129176,5.741505087556372,0.5,0.08207192917360719,0.93,0.98,0.5,0.4,0.2846917020488546,0.9732863405882523,2269675,0.2126775952349332,0.8239484624909962,-1408.8212946477565,0.02184388280439316
1.01,0.5,0.6,0.8,0.9,0.9,1.2,2,2.2,0.9,1.2,2,2,1.2,0.5,1.3,0.93,0.98,0.5,0.4,0.3,0.95,2269675,0.25,0.8,-5239.322098418445,80.54668547354149
